run_id,description,grouped_cv_mean,worst_fold,std,hard_band,notes
V1,"PREVIOUS SHIPPED: 26 restarts/20 cands, consensus temp 1.0 (unscaled), boundary w=1.0",0.79872,0.79229,0.00668,0.71126,reference
E1,+ score-guided feasible search (maximise learned score inside feasible set),0.78832,0.77823,0.01037,0.69340,"REJECTED: train-fit 0.898, overfits the learned score"
E2,"+ pairwise directed chronology model (LightGBM, symmetrised) for ranking",0.79761,0.79104,0.00850,0.71270,helped on small cand set; REJECTED once E3 landed
E3,enlarged feasible candidate set: 70 restarts / 45 wanted / patience 16,0.80155,0.79153,0.00630,0.72090,"ACCEPTED: gold-in-set 0.566->0.690, oracle-O 0.955->0.975"
E3+E2,E3 combined with the pairwise model,0.79808,0.79423,0.00357,0.71690,REJECTED: pairwise hurts mean once the set is larger
E4,"E3 + consensus temperature retuned for the larger set (2.0, n-scaled)",0.80163,0.79910,0.00223,0.72170,ACCEPTED
E5,E4 + DP boundary weight 2.0,0.80266,0.79835,0.00349,0.72286,ACCEPTED
E5b,E5 + pairwise distance scaling of same-era log-odds (pscale 0.5),0.80270,0.79696,0.00440,0.72040,"REJECTED: extra parameter, no real gain"
V2,FINAL SHIPPED = E5 (verified end-to-end in solution.py),0.80266,0.79835,0.00349,0.72286,generated submission.csv
