id,chronicle_program
516,q10 q06 q11 q03 BREAK q04 q07 q00 q02 BREAK q08 q05 q01 q09
517,q06 q05 q00 q01 q02 BREAK q04 q07 q09 q03 q08
518,q03 q01 q05 q02 q08 BREAK q00 q07 q04 q06 q09
519,q10 q12 q03 q04 BREAK q13 q01 q09 q02 q05 BREAK q00 q07 q11 q08 q06
520,q01 q03 q11 q00 BREAK q06 q05 q09 BREAK q04 q07 q08 q02 q10
521,q07 q01 q03 q04 BREAK q02 q08 q00 q05 q06
522,q04 q01 q03 BREAK q05 q12 q11 BREAK q00 q10 q07 BREAK q08 q09 q02 q06
523,q04 q00 q06 q03 BREAK q05 q02 q07 q01
524,q00 q12 q11 q13 q04 BREAK q03 q09 q01 q05 BREAK q06 q02 q07 q08 q10
525,q00 q07 q06 BREAK q02 q01 BREAK q03 q08 q04 q05
526,q09 q04 q12 q03 q13 BREAK q10 q11 q06 q05 q01 BREAK q08 q00 q07 q02
527,q01 q00 q03 q08 BREAK q06 q04 q05 q07 q02
528,q10 q07 q15 q00 BREAK q14 q05 q11 BREAK q08 q01 q12 q03 q02 BREAK q09 q06 q04 q13
529,q03 q00 q07 BREAK q06 q02 q08 BREAK q05 q01 q04
530,q02 q04 q03 BREAK q12 q08 q10 BREAK q09 q00 q05 BREAK q07 q11 q01 q06
531,q04 q10 q06 q01 BREAK q05 q02 q03 BREAK q08 q00 q09 q07
532,q00 q11 q03 q02 BREAK q08 q12 q04 q05 q13 BREAK q09 q07 q10 q01 q06
533,q11 q09 q13 q05 BREAK q00 q03 q06 q04 BREAK q08 q02 BREAK q01 q12 q10 q07
534,q08 q00 q02 q11 BREAK q09 q06 q12 q04 q01 BREAK q07 q10 q05 q03
535,q05 q01 q02 q06 BREAK q07 q00 q04 q03
536,q14 q09 q03 BREAK q08 q16 q13 BREAK q05 q04 q02 BREAK q06 q07 q00 q11 BREAK q01 q10 q12 q15
537,q05 q03 q01 BREAK q00 q02 q04 q06
538,q05 q02 q03 q00 BREAK q06 q01 q07 q08 q04
539,q04 q05 q00 q07 BREAK q08 q02 q03 q01 q06
540,q04 q00 q03 q07 BREAK q02 q05 BREAK q09 q08 q01 q06
541,q01 q14 q08 q10 q00 BREAK q05 q06 q13 q07 q03 BREAK q09 q11 q04 q12 q02
542,q07 q02 q04 q03 q01 BREAK q08 q06 q05 q00
543,q05 q03 q04 q01 BREAK q07 q02 q00 q06
544,q08 q11 q00 q02 BREAK q05 q04 q03 q06 q13 BREAK q10 q12 q09 q07 q01
545,q08 q07 q03 q04 BREAK q06 q02 q09 BREAK q05 q00 q01
546,q01 q09 q12 q14 q03 q06 q10 BREAK q02 q04 q07 q13 q08 q05 q11 q00 q15
547,q04 q05 q00 q06 BREAK q01 q03 q02 q07
548,q03 q05 q02 BREAK q00 q04 q01
549,q10 q03 q04 q05 BREAK q01 q00 q08 q07 q13 q14 BREAK q02 q06 q11 q09 q12
550,q01 q03 q00 q06 BREAK q02 q05 q08 q07 q04
551,q05 q08 q09 q14 q11 BREAK q02 q07 q01 q12 q03 BREAK q06 q04 q10 q13 q00
552,q05 q04 q01 q03 BREAK q02 q00 q08 q06 q07
553,q04 q02 BREAK q01 q05 q00 q03
554,q03 q01 BREAK q00 BREAK q02 q05 q06 q04
555,q04 q02 q00 BREAK q01 q03 q05
556,q02 q03 q00 q04 BREAK q08 q01 q06 q07 q05
557,q02 q06 q08 q10 BREAK q01 q11 q04 q03 BREAK q05 q07 q09 q00
558,q03 q00 q07 q02 BREAK q01 q05 q06 q04
559,q03 q05 q02 BREAK q00 q04 q01 q06
560,q05 q03 q06 BREAK q01 q04 q00 q02
561,q06 q09 q12 BREAK q11 q08 BREAK q02 q04 q07 q03 BREAK q10 q00 q01 q05
562,q01 q07 q00 q06 q03 BREAK q02 q05 q04 q08
563,q11 q06 q03 q10 BREAK q08 q05 q13 q09 q02 BREAK q01 q00 q07 q12 q04
564,q07 q05 q10 q00 BREAK q03 q11 q06 q02 BREAK q01 q04 q08 q09
565,q06 q00 q08 BREAK q03 q01 q07 q09 BREAK q02 q05 q10 q04
566,q06 q01 q09 q08 BREAK q00 q10 q03 BREAK q04 q07 q05 q02
567,q10 q03 q04 q01 BREAK q05 q02 q00 q06 BREAK q08 q07 q11 q09
568,q04 q01 q03 BREAK q00 q05 q02
569,q06 q01 q00 BREAK q04 q03 q05 q02
570,q07 q01 q06 q05 BREAK q11 q09 q08 q12 q02 BREAK q04 q03 q10 q00
571,q05 q13 q06 q00 q04 BREAK q12 q07 q08 q02 q11 BREAK q09 q10 q03 q01
572,q08 q07 q03 q02 q04 BREAK q05 q01 q06 q00
573,q08 q10 q00 q03 BREAK q09 q06 q05 q01 BREAK q11 q07 q02 q04
574,q09 q00 q05 q01 q06 BREAK q04 q03 q08 q07 q10 q02
575,q01 q09 q10 q03 BREAK q11 q12 q00 q05 BREAK q04 q07 q02 q06 q08
576,q08 q10 q09 q00 BREAK q06 q14 q04 q16 q05 BREAK q02 q13 q01 q12 BREAK q17 q15 q07 q03 q11
577,q04 q05 q02 q07 BREAK q01 q00 q06 q03
578,q03 q06 q09 q07 q02 BREAK q08 q01 q05 q04 q00
579,q04 q05 q08 q02 BREAK q00 q06 q01 q03 q07
580,q06 q04 q09 q02 q08 BREAK q00 q05 q03 q07 q01
581,q04 q03 q00 BREAK q08 q01 q09 q02 BREAK q05 q06 q07
582,q13 q01 q03 q06 q10 BREAK q05 q09 q14 q11 q02 BREAK q04 q00 q12 q07 q08
583,q05 q07 q02 q06 BREAK q00 q03 q04 q01
584,q07 q09 q02 q01 q05 BREAK q08 q03 q06 q00 q04
585,q03 q09 q08 q02 BREAK q00 q07 BREAK q04 q01 q05 q06
586,q03 q08 q12 q05 BREAK q15 q14 q00 q06 BREAK q10 q11 q09 q07 BREAK q01 q02 q13 q04
587,q03 q02 q10 q01 q06 BREAK q09 q07 q08 q04 q05 q00
588,q07 q00 q02 q06 BREAK q03 q01 q04 q05
589,q00 q08 q06 q03 BREAK q01 q07 q04 q05 q02
590,q03 q05 q01 BREAK q04 q00 q02
591,q03 q05 q04 q00 BREAK q06 q07 q01 q02
592,q07 q02 q00 q06 q09 BREAK q08 q03 q04 q01 q05
593,q05 q03 q04 q02 BREAK q08 q00 q01 q06 q07
594,q07 q06 q04 q05 BREAK q03 q01 q02 q00 q08
595,q08 q07 q05 BREAK q03 q00 BREAK q01 q02 q06 q04
596,q03 q08 q06 q01 q09 BREAK q05 q04 q02 q00 q07
597,q05 q06 q07 q00 BREAK q01 q04 q02 q03
598,q12 q05 q02 q04 q10 BREAK q13 q09 q06 q11 BREAK q07 q00 q08 q01 q03
599,q01 q02 q03 BREAK q05 q00 q04 q06
600,q09 q01 q00 q10 BREAK q05 q03 q06 q07 BREAK q08 q02 q04 q11
601,q09 q05 q01 q11 BREAK q07 q10 q00 q08 BREAK q02 q03 q06 q04
602,q04 q03 q02 BREAK q01 q06 q00 q05
603,q07 q08 q03 q02 q01 BREAK q06 q05 q10 q00 q04 q09
604,q01 q00 q04 BREAK q05 q06 q03 q02
605,q02 q08 q09 q06 q03 BREAK q11 q05 q01 BREAK q07 q00 q12 q04 q10
606,q00 q01 q03 BREAK q05 q04 q02
607,q04 q06 q03 q08 BREAK q02 BREAK q09 q07 q00 q05 q01
608,q00 q04 q05 q07 BREAK q03 q01 q06 q02
609,q03 q01 q02 BREAK q00 q06 q05 q04
610,q10 q07 q05 q08 BREAK q02 q06 q04 BREAK q03 q01 q00 q09
611,q02 q05 q03 q04 q01 BREAK q00 q08 q09 q06 q07
612,q10 q01 BREAK q07 q00 q05 q06 BREAK q03 q08 q04 q02 q09
613,q08 q03 q06 q01 BREAK q04 q07 q05 q00 q02
614,q04 q09 q07 q03 BREAK q11 q02 q08 q10 BREAK q05 q00 q06 q01
615,q07 q06 q02 q01 BREAK q00 q04 q05 q03
616,q04 q05 q07 q02 BREAK q03 q06 q00 q01
617,q05 q04 q02 q03 BREAK q00 q07 q06 q01
618,q09 q08 q11 q00 BREAK q01 q10 q03 q02 BREAK q05 q07 q04 q06
619,q03 q06 q01 q05 BREAK q02 q07 q04 q00
620,q05 q04 q03 q00 BREAK q07 q02 q01 q06 q08
621,q05 q01 q03 q07 BREAK q06 q04 q02 q00
622,q04 q06 q00 BREAK q03 q05 q01 q02
623,q00 q04 q05 q07 BREAK q01 q06 q03 q02
624,q07 q11 q09 q06 BREAK q04 q08 q02 q03 BREAK q01 q05 q10 q00
625,q02 q17 q16 q06 BREAK q12 q08 q05 q14 BREAK q10 BREAK q07 q03 q01 q13 q04 BREAK q15 q09 q11 q00
626,q06 q00 q07 q08 BREAK q05 q02 q04 q03 q01
627,q07 q05 q08 q00 BREAK q01 q02 q06 q03 q04
628,q00 q11 q05 BREAK q02 q10 q04 q03 q12 BREAK q01 q09 q06 q07 q08
629,q03 q00 q05 BREAK q02 q04 q01
630,q01 q08 BREAK q00 q02 q06 BREAK q07 q03 q09 q05 q04
631,q08 q04 q06 q00 q07 BREAK q11 q10 q12 q13 BREAK q09 q05 q02 q01 q03
632,q11 q03 q06 q12 q10 BREAK q09 q04 q02 q07 BREAK q01 q08 q13 q05 q00
633,q04 q01 q03 BREAK q00 q05 q02
634,q05 q07 q04 BREAK q06 q00 q10 q08 BREAK q03 q09 q01 q02
635,q07 q05 q00 q06 BREAK q10 q09 q08 q11 q01 BREAK q12 q02 q04 q03
636,q09 q00 q02 q01 BREAK q10 q07 q08 q04 BREAK q03 q11 q06 q05
637,q03 q04 q08 q06 BREAK q07 q05 q02 q00 q01
638,q01 q04 q05 BREAK q02 q06 q03 q00
639,q00 q03 q04 q01 BREAK q06 q05 q07 q02
640,q12 q09 q14 q15 BREAK q13 q10 q01 q07 BREAK q02 q08 q00 q05 BREAK q03 q11 q04 q06
641,q06 q01 q04 q02 BREAK q05 q07 q03 q00
642,q08 q01 q00 q07 q06 BREAK q03 q04 q05 q02
643,q07 q06 q04 BREAK q00 q01 q09 BREAK q03 q05 q08 BREAK q10 q11 q12 q02
644,q04 q01 q00 q05 BREAK q06 q02 q03
645,q03 q05 q06 q07 q09 BREAK q02 q01 q04 q00 q08
646,q03 q06 q00 q05 BREAK q07 q04 q02 q01
647,q06 q04 q05 q00 q08 BREAK q02 q07 q03 q01
648,q07 q04 q02 q05 BREAK q12 q09 q01 q03 q00 BREAK q13 q11 q06 q08 q10
649,q00 q07 q01 q04 BREAK q06 q05 q03 q02
650,q07 q06 q02 q13 BREAK q05 q12 q10 BREAK q03 q08 BREAK q00 q09 q11 q04 q01
651,q10 q04 q06 q02 BREAK q03 q08 q00 q07 BREAK q05 q01 q09 q11
652,q00 q11 q07 q09 BREAK q04 q03 q01 q06 q02 BREAK q12 q10 q05 q08
653,q00 q06 q04 q12 BREAK q09 q10 BREAK q01 q02 q03 q13 BREAK q11 q05 q08 q07
654,q00 q06 q04 q03 BREAK q05 q07 q01 q10 BREAK q08 q11 q02 q09
655,q04 q05 q06 BREAK q02 q01 q03 q00
656,q07 q06 q05 q01 BREAK q03 q02 q00 q04
657,q05 q00 q08 q02 BREAK q07 q01 q03 q04 q06
658,q04 q13 q11 q00 BREAK q10 q07 q03 q02 q12 BREAK q09 q06 q08 q05 q01
659,q03 q06 q01 q00 BREAK q07 q02 q04 q05
660,q01 q06 BREAK q00 q09 q07 q03 BREAK q08 q04 q05 q02
661,q09 q14 q05 q16 BREAK q00 q01 q15 q02 q07 BREAK q13 q03 q11 BREAK q08 q04 q12 q06 q10
662,q10 q14 q02 q03 q08 BREAK q13 BREAK q06 q05 BREAK q07 q11 q01 q15 BREAK q00 q09 q12 q04
663,q08 q03 q05 BREAK q00 q06 q09 BREAK q01 q04 q02 q07
664,q17 q05 q12 q09 BREAK q14 q07 q11 q02 q03 BREAK q06 q15 q08 q13 BREAK q10 q16 q00 q04 q01
665,q08 q07 q06 q03 BREAK q05 q00 q02 q01 q04
666,q16 q06 q02 q00 BREAK q03 q11 q13 q07 q05 BREAK q09 q17 q12 BREAK q04 q15 q08 q10 q14 q01
667,q00 q04 q06 BREAK q02 q03 q05 q01
668,q08 q00 q06 BREAK q04 q05 q02 q01 BREAK q09 q07 q10 q03
669,q13 q16 q11 q04 BREAK q15 q09 q07 q17 q06 BREAK q02 q14 q05 q08 BREAK q00 q03 q01 q10 q12
670,q05 q07 q01 q06 q02 BREAK q04 q03 q00 q08
671,q15 q06 q01 q13 BREAK q08 q11 q09 q05 BREAK q10 q03 q07 q04 BREAK q12 q00 q02 q14
672,q09 q04 q06 q08 q01 BREAK q02 q03 q00 q05 q07
673,q01 q04 q00 q12 q08 BREAK q09 q03 q06 q07 BREAK q10 q02 q05 q11
674,q00 q01 q04 BREAK q05 q03 q02
675,q03 q05 BREAK q04 q09 q00 q07 BREAK q08 q06 q01 q02
676,q01 q06 q03 q00 BREAK q02 q04 q05
677,q01 q04 q06 q05 BREAK q02 q03 q00
678,q07 q03 q10 q08 BREAK q05 q04 q02 q06 BREAK q11 q09 q01 q00
679,q04 q02 q01 q07 q05 BREAK q00 q09 q03 q06 q08
680,q04 q07 q00 q01 BREAK q06 q03 q05 q02
681,q02 q07 q00 q06 BREAK q04 q01 q05 q03
682,q06 q02 q01 q00 BREAK q04 q03 q05
683,q03 q01 q04 q06 BREAK q07 q08 q00 q05 q02
684,q07 q06 q04 q02 BREAK q03 q05 q01 q00
685,q00 q03 q05 q01 BREAK q02 q07 q06 q04
686,q07 q01 q02 q04 q06 BREAK q05 q03 q09 q00 q08
687,q10 q05 q11 BREAK q04 q03 q13 q02 BREAK q12 q06 q08 BREAK q01 q07 q00 q09
688,q03 q04 q06 q02 q01 BREAK q07 q00 q08 q05 q09
689,q14 q09 q05 q08 BREAK q10 q13 q00 q01 BREAK q12 q07 q03 q02 BREAK q11 q06 q04 q15
690,q06 q05 q01 q00 BREAK q07 q04 q03 q02 BREAK q08 q10 q09
691,q14 q01 q06 q04 BREAK q02 q11 q12 q15 BREAK q10 q03 q07 q05 BREAK q00 q13 q08 q09
692,q06 q02 q05 q07 BREAK q01 q00 q03 q04
693,q05 q01 q07 q10 BREAK q09 q08 q00 BREAK q06 q03 q02 q04
694,q00 q03 q04 q07 q08 BREAK q01 q02 q05 q06 q09
695,q04 q00 q06 q07 BREAK q02 q01 q03 q05
696,q10 q11 q03 q01 BREAK q00 q04 q07 q09 BREAK q05 q06 q08 q02
697,q05 q10 q04 q01 BREAK q08 q03 q02 BREAK q00 q07 q09 q06
698,q03 q08 q01 q06 q07 BREAK q05 q02 q04 q00
699,q09 q13 q08 q01 BREAK q12 q14 q02 q05 BREAK q00 q11 q06 BREAK q07 q10 q04 q03
700,q09 q07 q03 BREAK q08 q02 q01 q05 BREAK q00 q04 q10 q06
701,q07 q12 q06 q00 BREAK q08 q16 q14 q04 q10 BREAK q13 q05 q03 q02 BREAK q01 q11 q15 q09
702,q00 q01 q06 q04 BREAK q03 q05 q02
703,q07 q00 q03 q06 BREAK q02 q04 q01 q05
704,q07 q04 q01 q10 BREAK q00 q05 q03 BREAK q02 q06 q09 q08
705,q00 q03 q01 q06 BREAK q05 q04 q07 q02
706,q02 q05 q00 q16 BREAK q13 q08 q15 BREAK q09 q10 q04 BREAK q06 q11 q07 BREAK q01 q12 q03 q14
707,q05 q03 q07 q06 BREAK q08 q04 q02 q00 q01
708,q08 q06 q04 q03 BREAK q05 q00 q02 q07 q01
709,q00 q07 q04 q08 BREAK q06 q02 q05 q01 q03
710,q05 q01 BREAK q03 q04 q06 q00 q02
711,q05 q06 q08 q00 q09 BREAK q02 q01 q04 q03 q07
712,q03 q01 q14 q06 BREAK q11 q15 q09 q08 BREAK q02 q05 q16 q04 BREAK q07 q13 q10 q00 q12
713,q05 q03 q06 q07 BREAK q02 q01 q00 q04
714,q02 q00 q03 BREAK q04 q01 q05
715,q00 q12 q06 q03 BREAK q10 q09 q04 q07 BREAK q11 q05 q02 q01 q08
716,q08 q02 q01 q09 BREAK q12 q11 q07 q06 q03 BREAK q05 q04 q10 q00
717,q04 q05 q00 q03 BREAK q07 q06 q01 q08 q02
718,q11 q10 q15 q02 BREAK q01 q06 q03 q13 BREAK q09 q16 q08 q07 BREAK q14 q04 q05 q00 q12
719,q06 q09 q08 BREAK q11 q10 q14 BREAK q04 q01 q12 BREAK q05 q03 q02 q07 BREAK q00 q13 q16 q15
720,q01 q04 q03 q05 BREAK q00 q06 q08 q02 q07
721,q02 q04 q13 q10 q14 BREAK q12 q06 q00 q11 q07 BREAK q01 q05 q03 q08 q09
722,q03 q01 q08 q11 BREAK q10 q02 q04 q09 q00 BREAK q07 q05 q12 q06
723,q06 q01 q00 q07 BREAK q04 q05 q03 q02
724,q03 q00 q01 BREAK q04 q02 q06 q05
725,q05 q01 q00 q12 q14 BREAK q02 q04 q07 q11 q03 BREAK q13 q15 q09 q17 BREAK q06 q08 q10 q16
726,q11 q07 q09 q05 q03 BREAK q13 q02 q00 q06 q08 BREAK q12 q10 q04 q14 q01
727,q06 q02 q07 BREAK q03 q08 q09 BREAK q00 q11 q01 q12 BREAK q13 q10 q04 q05
728,q07 q06 q01 q03 BREAK q05 q02 q04 q00 q08
729,q02 q01 q04 q05 q08 BREAK q03 q07 q00 q06
730,q00 q06 q07 q01 BREAK q02 q04 q03 q05
731,q00 q09 q10 q08 q02 BREAK q05 q07 q04 q06 BREAK q12 q01 q11 q03
732,q05 q08 q00 BREAK q16 q13 q10 BREAK q04 q15 q12 q01 BREAK q07 q03 q11 BREAK q06 q14 q09 q02
733,q03 q09 q01 q04 q06 BREAK q08 q02 q00 q05 q07
734,q08 q06 q00 BREAK q12 BREAK q09 q10 q07 q01 q05 BREAK q04 q02 q11 q03
735,q02 q00 q04 q03 BREAK q07 q06 q01 q05
736,q09 q11 q15 q05 BREAK q01 q10 q04 q13 q00 BREAK q12 q16 q02 q14 BREAK q07 q06 q03 q08
737,q04 q07 q05 q00 BREAK q08 q01 q06 q02 q03
738,q01 q09 q06 BREAK q04 q00 q07 BREAK q03 q02 q05 q08
739,q03 q01 q00 q04 q09 BREAK q08 q06 q02 q05 q07 q10
740,q05 q01 q03 q06 BREAK q02 q00 q07 q04
741,q00 q06 q02 BREAK q04 q03 q01 q05
742,q03 q00 q09 q07 BREAK q02 q08 q12 q06 BREAK q04 q05 q11 q14 BREAK q10 q01 q13
743,q06 q01 q07 q00 BREAK q02 q05 q03 q04
744,q08 q01 q02 q06 BREAK q05 q03 q04 q07 q00
745,q06 q04 q01 q00 BREAK q07 q02 q05 q03
746,q00 q04 q08 q01 BREAK q02 q06 q07 q05 q03
747,q01 q06 q09 q04 BREAK q10 q11 q08 q03 BREAK q00 q02 q05 q07
748,q14 q04 q13 q06 BREAK q09 q05 q08 q10 BREAK q07 q03 q12 BREAK q01 q00 q11 q02
749,q06 q00 q05 q04 BREAK q07 q02 q10 q01 q09 BREAK q12 q11 q03 q08
750,q03 q05 q09 q02 BREAK q11 q04 q07 q06 BREAK q00 q10 q01 q08
751,q08 q00 q04 q05 BREAK q12 q09 q01 q11 BREAK q02 q06 q07 q03 q10
752,q00 q03 q02 q01 BREAK q04 q05 q06
753,q02 q09 q00 q06 q08 BREAK q04 q01 q07 q03 q05
754,q01 q05 q07 q00 BREAK q02 q06 q03 q04
755,q00 q08 q06 BREAK q07 q02 q09 q01 BREAK q05 q03 q04
756,q00 q02 q04 BREAK q03 q01 q06 q05
757,q00 q11 q10 q02 BREAK q08 q09 q12 q06 q03 BREAK q05 q04 q13 q01 q07
758,q03 q04 q06 q09 BREAK q01 q08 q15 q02 BREAK q11 q10 q12 q07 BREAK q05 q14 q13 q00
759,q05 q04 q02 q01 BREAK q06 q03 q00 q07
760,q07 q02 q01 q03 BREAK q05 q04 q06 q08 q00
761,q03 q00 q10 q14 BREAK q05 BREAK q01 q07 q11 q13 BREAK q16 q02 q08 q12 BREAK q04 q15 q09 q06
762,q00 q05 q07 q04 BREAK q02 q01 q06 q03
763,q05 q04 q02 q10 BREAK q00 q01 q07 q11 BREAK q08 q09 q06 q03
764,q03 q08 q05 q02 q07 BREAK q09 q04 q01 q06 q00
765,q05 q08 q11 q04 BREAK q10 q03 q01 q06 q13 BREAK q09 q12 q00 q07 q02
766,q07 q10 q14 q01 BREAK q15 q09 q04 q00 BREAK q02 q12 q05 q13 BREAK q03 q11 q06 q08
767,q11 q05 q09 BREAK q00 q08 q10 q07 BREAK q01 q02 q03 q06 BREAK q14 q04 q12 q13
768,q02 q05 q07 q01 q00 BREAK q06 q04 q03 q08 q09
769,q09 q10 q00 q02 BREAK q08 q04 q07 q06 q01 BREAK q03 q12 q11 q05
770,q00 q05 q06 q01 BREAK q03 q04 q02
771,q05 q00 q06 q02 BREAK q03 q07 q01 q04
772,q04 q05 q03 BREAK q06 q02 q01 q00
773,q04 q05 q02 q06 BREAK q03 q00 q01
774,q07 q09 q11 q10 BREAK q00 q02 q06 q01 q04 BREAK q05 q08 q12 q03
775,q01 q04 q02 q05 BREAK q06 q00 q03 q07
776,q07 q09 q05 BREAK q00 q08 q06 q04 q10 BREAK q03 q02 q11 q01
777,q11 q09 q03 q08 BREAK q05 q01 q02 q07 BREAK q10 q04 q00 q06
778,q11 q04 q01 BREAK q07 q03 q06 q14 BREAK q08 q02 q13 q00 q10 BREAK q12 q09 q05 q15
779,q06 q07 q08 q05 q01 BREAK q00 q02 q04 q03
780,q04 q07 q10 q05 q02 BREAK q13 q00 q03 q12 BREAK q11 BREAK q09 q06 q01 q08
781,q09 q06 q08 q05 BREAK q11 q02 q07 q04 BREAK q03 q01 q00 q10
782,q05 q03 q15 q07 BREAK q16 q06 q11 q01 BREAK q04 BREAK q10 q12 q02 q09 BREAK q14 q08 q00 q13
783,q03 q14 q06 q12 q10 BREAK q01 q13 q07 q02 q00 BREAK q05 q04 q11 q08 q09
784,q08 q05 q11 BREAK q02 q00 q06 BREAK q13 q04 q09 q03 BREAK q10 q01 q07 q12
785,q00 q01 q08 q03 q09 BREAK q05 q11 q10 BREAK q02 q12 q07 q06 q04
786,q03 q04 q06 q01 BREAK q02 q05 q00
787,q08 q09 q04 q12 BREAK q11 q13 q01 q14 BREAK q05 q03 q16 q15 q06 BREAK q00 q02 q07 q10
788,q04 q08 q02 q14 q00 BREAK q06 q07 q09 q11 q05 BREAK q13 q12 q03 q10 q01
789,q04 q02 q07 q05 BREAK q06 q00 q01 q03
790,q04 q01 q03 BREAK q06 q08 q07 BREAK q05 q00 q02
791,q11 q05 q12 q00 q03 q07 BREAK q09 q04 q10 q02 BREAK q06 q08 q13 q01
792,q09 q04 q08 q05 q01 BREAK q02 q00 q03 q07 q06 q10
793,q04 q06 q03 BREAK q01 q02 q00 q05
794,q13 q07 q02 q11 BREAK q05 q15 q01 q03 BREAK q10 q04 q12 q14 BREAK q00 q06 q08 q09
795,q06 q02 q01 q00 q03 BREAK q05 q08 q09 q07 q04
796,q00 q05 q03 q06 BREAK q11 q10 q02 q01 BREAK q08 q07 q09 q04
797,q04 q09 q06 q08 q07 BREAK q02 q03 q05 q00 q01
798,q13 q06 q12 BREAK q01 q02 q05 q11 BREAK q03 q04 q00 BREAK q07 q08 q10 q09
799,q08 q09 q00 q02 q03 BREAK q06 q05 q04 q07 q01
800,q08 q01 q12 q06 BREAK q00 q02 q05 q03 q11 BREAK q10 q09 q13 q04 q07
801,q01 q03 BREAK q02 q04 q05 q00
802,q10 q12 q04 q11 q01 BREAK q07 q06 q09 BREAK q02 q03 BREAK q13 q00 q08 q05
803,q01 q00 q06 BREAK q09 q03 q02 BREAK q05 q04 q07 q08
804,q07 q02 q05 q09 q00 BREAK q04 q06 q08 q01 q03
805,q05 q02 q01 q07 BREAK q04 q06 q03 q00
806,q09 q10 q01 q07 BREAK q00 q06 q05 q04 BREAK q02 q08 q03 q11
807,q05 q03 BREAK q06 q07 q02 q09 BREAK q08 q01 q00 q04
808,q10 q09 q11 q00 BREAK q03 q02 q05 q08 q12 BREAK q04 q07 q06 q01
809,q01 q05 q00 q04 BREAK q07 q03 q02 q06
810,q10 q08 q05 q00 BREAK q09 q06 q03 q15 q12 BREAK q01 q13 q17 q16 BREAK q02 q04 q11 q07 q14
811,q07 q02 q06 q04 BREAK q01 q08 q00 BREAK q09 q10 q03 q05
812,q12 q11 q06 q02 BREAK q16 q01 q07 q14 BREAK q03 BREAK q10 q09 q05 q00 q08 BREAK q13 q15 q04 q17
813,q05 q03 BREAK q08 BREAK q00 q04 q07 q01 q02 q06
814,q00 q01 q06 q03 BREAK q02 q04 q05 q07
815,q05 q06 q00 q03 BREAK q02 q04 q07 q01
816,q12 q04 q07 BREAK q08 q03 q01 q10 q14 BREAK q06 q15 q02 BREAK q11 BREAK q05 q09 q13 q00
817,q10 q11 q06 q12 q00 BREAK q03 q04 q07 BREAK q01 q02 q05 q09 q08
818,q12 q04 q08 q09 BREAK q03 q06 q14 q11 BREAK q01 q07 q10 BREAK q02 q00 q05 q13
819,q08 q07 q06 q00 BREAK q03 q04 q05 q02 q01
820,q14 q00 q06 BREAK q10 q12 q02 q01 BREAK q09 q15 BREAK q13 q04 BREAK q08 q07 q03 q05 q11
821,q04 q08 q06 q07 q03 BREAK q00 q05 q02 q09 q01
822,q10 q07 q12 q05 BREAK q09 q03 BREAK q13 q11 q00 BREAK q06 q04 q01 q08 q02
823,q04 q05 q13 q12 BREAK q07 q02 q01 q03 BREAK q10 q14 q09 q00 BREAK q16 q06 q15 q08 q11
824,q06 q01 q05 q07 BREAK q02 q03 q04 q00
825,q01 q12 q07 q06 BREAK q08 q04 q03 q13 q10 BREAK q11 q09 q00 q02 q05
826,q06 q07 q01 q09 BREAK q11 q02 q10 q08 q12 BREAK q13 q00 q03 q05 q04
827,q07 q10 q05 q15 BREAK q00 q03 q13 q06 BREAK q14 q02 q11 q12 BREAK q01 q09 q04 q08
828,q05 q03 q04 BREAK q01 q06 q00 q02
829,q07 q03 q05 q06 BREAK q00 q04 q02 q01
830,q04 q08 q00 BREAK q05 q01 q07 q11 q06 BREAK q10 q03 q02 q09
831,q05 q10 q01 q03 BREAK q13 q04 q00 q06 q09 BREAK q12 q02 q07 q08 q11
832,q01 q04 BREAK q03 q05 q02 q00
833,q04 q07 q01 q02 BREAK q05 q06 q03 q00 q08
834,q14 q00 q07 q15 BREAK q04 q05 q09 q13 BREAK q11 q02 q10 q16 BREAK q03 BREAK q12 q06 q01 q08
835,q02 q03 q00 BREAK q04 q05 q01
836,q05 q00 q03 q04 BREAK q02 q07 BREAK q06 q01
837,q03 q05 q04 BREAK q02 q00 q01 q06
838,q03 q00 q10 BREAK q13 q11 q06 q08 q09 BREAK q05 q12 q02 BREAK q14 q07 q04 q01
839,q14 q09 q11 BREAK q02 q13 q00 q01 BREAK q07 q12 q08 BREAK q10 q03 q04 q05 q06
840,q00 q09 q06 q08 BREAK q12 q04 q16 q13 BREAK q11 q07 q10 q03 q15 BREAK q02 q05 q14 q01
841,q02 q04 q00 BREAK q03 q01 q05
842,q09 q01 q00 q08 BREAK q05 q06 q02 q10 BREAK q11 q07 q04 q12 q03
843,q00 q05 q01 BREAK q12 q09 q03 q08 BREAK q02 q07 q14 BREAK q11 q10 q06 q04 q13
844,q04 q03 q02 q07 BREAK q10 q00 q08 BREAK q09 q06 q01 q05
845,q04 q09 q00 BREAK q01 q05 BREAK q13 q12 q10 q11 q07 BREAK q03 q06 q08 q02
846,q06 q02 q04 q09 BREAK q11 q01 q10 q03 BREAK q08 q07 BREAK q05 q12 q00
847,q03 q01 q04 q08 BREAK q02 q06 q07 q00 q05
848,q05 q03 q08 q07 BREAK q06 q02 q00 q04 q01
849,q00 q12 q10 q02 BREAK q08 q14 q04 q13 BREAK q01 q11 q07 BREAK q09 q03 q05 q06
850,q08 q07 q10 q01 BREAK q00 q02 q05 q06 q11 BREAK q04 q03 q09 q12
851,q04 q06 q01 q02 BREAK q05 q00 q03 q07
852,q03 q02 q00 BREAK q04 q05 q01
853,q08 q01 q06 q03 BREAK q07 q04 BREAK q09 q00 q02 q05
854,q08 q02 q14 BREAK q10 q00 q06 q01 BREAK q03 q09 q05 q11 BREAK q12 q07 q04 q13
855,q03 q01 q02 q05 BREAK q06 q07 q04 q00
856,q01 q02 q07 q06 BREAK q04 q00 q03 q05 q08
857,q07 q00 q01 q08 BREAK q17 q06 q13 q16 q14 BREAK q15 q02 q05 q09 BREAK q10 q12 q04 q03 q11
858,q05 q06 q04 q07 BREAK q01 q00 q03 q08 q02
859,q06 q02 q07 q00 BREAK q05 q03 q01 q08 q04
860,q01 q09 q05 q00 BREAK q03 q10 BREAK q04 q11 q12 q02 q07 q08 q06
861,q03 q06 q01 q04 BREAK q00 q05 q02
862,q06 q08 q02 q09 BREAK q04 q11 q00 q03 BREAK q10 q07 q01 q05
863,q04 q07 q03 BREAK q06 q08 q01 BREAK q00 q05 q02
864,q01 q02 q08 q03 q04 BREAK q05 q07 q00 q06
865,q04 q00 q02 q09 BREAK q01 q07 q11 q05 BREAK q08 q10 q06 q03
866,q02 q04 q00 BREAK q01 q05 q03 q06
867,q05 q03 q07 q00 BREAK q02 q06 q09 BREAK q08 q04 q01
868,q03 q06 q01 q08 BREAK q00 q07 q05 q02 q04
869,q02 q00 q05 BREAK q03 q01 q04
870,q00 q05 q10 q11 q09 BREAK q06 q03 q04 q12 BREAK q01 q08 q07 q02
871,q02 q05 q01 q00 q06 BREAK q08 q09 q07 q03 q04
872,q08 q11 q12 q10 q01 BREAK q00 q04 q06 q09 BREAK q02 q07 q03 q05 q13
873,q03 q08 q01 q06 q07 BREAK q00 q04 q05 q09 q02
874,q04 q03 q05 BREAK q01 q00 q02
875,q01 q08 BREAK q06 q07 q05 q04 BREAK q00 q02 q09 q03
876,q02 q06 q05 q00 BREAK q03 q07 q01 q08 q04
877,q11 q08 q03 q09 BREAK q00 q01 q02 q05 BREAK q07 q06 q10 q12 q04
878,q06 q03 q05 q01 BREAK q08 q02 q07 q04 q00
879,q14 q00 q02 BREAK q11 q13 q10 BREAK q07 q12 q03 q09 BREAK q04 q01 q05 q08 q06
880,q06 q02 q07 q00 BREAK q05 q01 q04 q03
881,q07 q12 q10 BREAK q11 q06 q04 q09 BREAK q14 q00 q05 q08 BREAK q13 q03 q01 q02
882,q03 q04 q00 q01 BREAK q06 q07 q05 q02
883,q01 q02 q06 q08 BREAK q04 q05 q07 q00 q03
884,q09 q05 q07 BREAK q11 q12 q10 q01 BREAK q13 q08 q03 BREAK q02 q00 q06 q04
885,q00 q01 q06 BREAK q04 q02 q05 q03
886,q08 q01 q02 BREAK q09 q00 q06 q10 BREAK q04 q03 q07 q05
887,q00 q01 q05 BREAK q04 q02 q03
888,q12 q10 q03 BREAK q11 q09 q05 q08 BREAK q14 q02 q07 BREAK q06 q04 q13 q01 q00
889,q08 q05 q07 q10 BREAK q01 q03 q11 q00 BREAK q06 q02 q04 q09
890,q01 q00 q02 BREAK q03 q06 q04 q05
891,q00 q05 q07 q04 BREAK q03 q06 q01 q02
892,q03 q04 q06 BREAK q01 q05 q02 q00
893,q04 q08 q07 q06 q03 BREAK q01 q02 q05 q00 q09
894,q03 q00 q10 q07 BREAK q09 q05 q08 q06 BREAK q02 q04 q11 q01
895,q09 q00 q07 q08 BREAK q04 q05 q06 BREAK q10 q03 q01 q02
896,q00 q15 q05 q01 BREAK q04 q09 BREAK q03 q06 q11 q02 q10 BREAK q13 q14 q07 q08 q12
897,q00 q05 q07 q03 BREAK q08 q04 q06 q02 q01
898,q00 q03 q04 BREAK q01 q05 q02
899,q05 q03 q00 BREAK q04 q01 q02
900,q06 q05 q04 q00 BREAK q03 q07 q09 BREAK q01 q10 q02 q08
901,q03 q07 q08 BREAK q06 q05 q02 q10 BREAK q09 q00 q04 q01
902,q02 q09 q08 q06 BREAK q03 q04 q10 q05 BREAK q01 q07 q11 q00
903,q06 q08 q02 q00 BREAK q11 q10 q04 q03 q09 BREAK q01 q07 q05 q12
904,q01 q00 q04 q03 BREAK q05 q02
905,q13 q14 q04 q06 BREAK q12 q02 BREAK q03 q16 BREAK q00 q11 q07 q08 q15 BREAK q01 q10 q09 q05
906,q01 q00 q04 q02 BREAK q05 q06 q07 q03
907,q07 q06 q01 q04 BREAK q02 q05 q00 q03
908,q03 q11 q09 BREAK q05 q12 BREAK q01 q07 q04 q10 BREAK q08 q00 q06 q02
909,q00 q05 q04 BREAK q02 q01 q06 q03
910,q00 q04 q01 BREAK q03 q05 q02
911,q14 q05 q03 q02 BREAK q10 q17 q01 q16 q08 BREAK q06 q07 q13 BREAK q11 q00 q15 BREAK q09 q04 q12
912,q06 q04 BREAK q01 q02 q00 q03 q05
913,q02 q04 q05 q06 BREAK q01 q07 q03 q00
914,q04 q00 q02 q05 BREAK q01 q03 q07 q06
915,q05 q02 q01 q06 BREAK q03 q00 q04 q07
916,q12 q08 q05 q02 BREAK q07 q00 q04 q11 BREAK q13 q10 q06 q09 BREAK q01 q03 q15 q14
917,q05 q03 q00 q04 BREAK q01 q02 q06 q07
918,q02 q00 q05 q04 BREAK q03 q01 q07 q06
919,q06 q03 q04 q02 BREAK q00 q05 q01 q07
920,q04 q05 q02 BREAK q00 q01 q03
921,q04 q02 q03 BREAK q00 q05 q01 BREAK q06 q07 q11 BREAK q08 q12 q10 q09
922,q09 q05 q06 q02 q04 BREAK q07 q00 q03 q01 q08
923,q05 q04 q07 q01 BREAK q00 q02 q03 q06
924,q08 q02 q00 BREAK q06 q05 BREAK q01 q09 q04 q07 q03
925,q03 q04 q01 q08 BREAK q00 q06 q11 q10 BREAK q02 q05 q09 q07
926,q03 q06 q07 q01 BREAK q02 q10 q00 q11 BREAK q12 q09 q08 q04 q05
927,q03 q05 q07 q09 BREAK q00 q01 q02 q11 BREAK q08 q04 q14 q12 BREAK q10 q15 q13 q06
928,q04 q03 q06 q01 BREAK q07 q00 q05 q02 q08
929,q01 q11 q05 q06 BREAK q10 q12 q00 q02 q07 BREAK q04 q09 q03 q08
930,q04 q05 q09 q01 q08 BREAK q03 q07 q00 q02 q06
931,q04 q06 q09 BREAK q00 q01 BREAK q03 q05 q02 q08 q07
932,q04 q02 q12 q13 BREAK q06 q03 q11 BREAK q00 q05 q09 q10 BREAK q08 q01 q07
933,q05 q08 q10 q00 BREAK q02 q03 q01 q04 BREAK q09 q07 q06 q11
934,q02 q12 q09 q00 q06 BREAK q07 q11 q05 q08 BREAK q10 q13 q04 q01 q03
935,q03 q04 q08 BREAK q07 q01 q10 q02 q09 BREAK q05 q06 q00 q11
936,q07 q00 q01 q04 BREAK q06 q03 q02 q05
937,q03 q08 q01 BREAK q06 q02 q00 BREAK q05 q09 q04 q07
938,q01 q04 q03 q06 BREAK q00 q07 q05 q02
939,q02 q01 q04 q07 BREAK q06 q08 q03 q00 q05
940,q13 q04 q17 q12 BREAK q03 BREAK q01 q06 q16 q15 BREAK q11 q00 q09 q07 BREAK q10 q08 q02 q05 q14
941,q05 q07 q06 q02 q15 BREAK q12 q16 q13 q14 BREAK q09 q10 q01 q03 q08 BREAK q04 q17 q00 q11
942,q06 q14 q04 q08 q11 BREAK q07 q10 q09 q01 q13 BREAK q00 q12 q05 q03 q02
943,q05 q07 q02 q06 BREAK q04 q00 q08 q01 q03
944,q12 q08 q07 BREAK q02 q06 q13 BREAK q01 q10 q03 q11 BREAK q00 q05 q09 q04
945,q01 q03 q04 q07 BREAK q00 q06 q05 q02
946,q03 q01 q02 q05 BREAK q00 q07 q04 q06
947,q06 q01 q02 q05 BREAK q04 q00 q08 q03 q07
948,q04 q02 BREAK q05 q00 q03 q01
949,q04 q02 q01 q03 BREAK q06 q00 q07 q05
950,q07 q08 q04 q03 BREAK q10 q05 q02 BREAK q00 q06 q01 q09
951,q06 q07 q00 q02 BREAK q03 q01 q08 q05 q04
952,q05 q10 q09 BREAK q01 q00 q04 q06 BREAK q07 q03 q08 q02
953,q05 q00 q07 q03 BREAK q01 q06 q02 q04
954,q00 q03 q04 BREAK q05 q06 q02 q01
955,q06 q10 q15 q08 q04 BREAK q01 q13 q00 BREAK q07 q14 q17 q11 q03 BREAK q16 q09 q12 q05 q02
956,q16 q13 q10 q02 BREAK q11 q07 q08 q06 BREAK q12 q00 q14 q09 BREAK q05 q01 q04 q03 q15
957,q11 q13 q00 q03 BREAK q04 q05 q01 q15 q14 BREAK q07 q12 q16 BREAK q09 q06 q08 q10 q02
958,q04 q00 q07 q05 BREAK q02 q08 q03 q01 q06
959,q00 q09 q06 q10 BREAK q07 q15 BREAK q05 q04 q14 q11 q12 BREAK q02 q13 q01 q03 q08
960,q04 q10 q06 q09 BREAK q03 q01 q00 q02 BREAK q11 q08 q05 q07
961,q00 q03 q15 q04 BREAK q05 q10 q08 q12 BREAK q16 q01 q07 q11 BREAK q13 q09 q06 q02 q14
962,q07 q02 q05 q03 BREAK q00 q06 q04 q01
963,q00 q04 q07 q06 BREAK q03 q05 q01 q02
964,q04 q07 q02 q01 BREAK q05 q00 q06 q03
965,q06 q01 q07 q00 BREAK q04 q08 q02 BREAK q09 q03 q05
966,q03 q01 q05 q00 BREAK q07 q04 q02 q06
967,q03 q01 q00 q05 q09 BREAK q12 q08 q07 BREAK q02 q11 q10 q06 q04
968,q13 q07 q11 q06 BREAK q10 q03 q01 q09 BREAK q15 q08 q12 q14 BREAK q02 q00 q05 q04
969,q02 q00 q07 q01 BREAK q05 q04 q06 q03
970,q06 q05 q10 q08 BREAK q07 q11 q04 q00 BREAK q02 q03 q01 q09
971,q03 q04 q02 q07 BREAK q05 q06 q01 q00
972,q08 q07 q02 q14 q03 BREAK q09 q04 q01 q10 q06 BREAK q11 q12 q05 q13 q00
973,q11 q06 q03 BREAK q10 q05 q04 BREAK q12 q02 BREAK q08 q09 q01 q07 q00
974,q08 q10 q05 q02 BREAK q04 q09 q00 q07 BREAK q01 q12 q06 q03 q11
975,q05 q02 q08 q03 BREAK q04 q07 BREAK q09 q01 q06 q00
976,q07 q05 q06 q02 BREAK q00 q10 q09 q04 BREAK q08 q11 q01 q03
977,q02 q04 q01 q08 q00 BREAK q09 q05 q03 q07 q06
978,q08 q16 q13 q01 BREAK q10 q11 q12 q15 q05 BREAK q00 q03 q02 BREAK q14 q07 q09 q04 q06
979,q01 q08 q04 BREAK q00 q02 q06 q03 BREAK q05 q10 q07 q09
980,q11 q09 q04 q06 BREAK q05 q03 q10 q07 q00 BREAK q01 q12 q08 q02
981,q03 q10 q06 q14 BREAK q15 q13 q08 q02 BREAK q00 q12 q05 q04 BREAK q01 q09 q07 q11
982,q04 q06 q13 q12 q00 BREAK q08 q05 q02 q14 q10 BREAK q09 q07 q11 q01 q03
983,q07 q03 q00 q06 BREAK q05 q02 q01 q04
984,q03 q05 q07 q02 BREAK q04 q00 q06 q01
985,q01 q08 q07 q04 BREAK q03 q05 q02 BREAK q10 q00 q06 q09
986,q04 q02 q08 q03 BREAK q01 q13 q07 BREAK q12 q10 q11 BREAK q09 q05 q06 q00
987,q06 q02 q08 q07 BREAK q01 q12 q11 q04 BREAK q09 q03 q00 q10 q05
988,q01 q03 q04 BREAK q02 q05 q00
989,q09 q05 q07 q03 BREAK q02 q01 BREAK q06 q04 q08 q00
990,q02 q07 q05 q00 BREAK q04 q06 q01 q03
991,q06 q05 q03 BREAK q02 q04 q00 q01
992,q08 q03 q00 q05 BREAK q06 q07 q02 q01 q04
993,q06 q01 q03 q00 q02 BREAK q07 q05 q04 q08 q09
994,q04 q00 q01 BREAK q02 q05 q03
995,q01 q02 q05 q03 BREAK q08 q00 q04 q06 q07
996,q09 q04 q05 BREAK q08 q01 q03 BREAK q00 q07 q06 q02
997,q03 q00 BREAK q04 q02 q08 BREAK q07 q06 q05 q01
998,q02 q04 q05 q06 BREAK q07 q08 q00 q03 q01
999,q08 q07 q06 q05 BREAK q01 q02 q00 q04 q03
1000,q09 q03 q01 BREAK q00 q02 q10 q08 BREAK q04 q05 q07 q06
1001,q06 q02 q01 q03 q00 BREAK q07 q05 q08 q04
1002,q05 q03 q00 BREAK q06 q02 q04 q01
1003,q05 q07 q01 q02 BREAK q08 q00 q06 q04 q03
1004,q00 q05 q01 BREAK q02 q03 q04
1005,q04 q08 q13 q15 q12 BREAK q02 q10 q06 BREAK q14 q09 q01 q11 BREAK q05 q03 q07 q00
1006,q07 q05 q02 q09 BREAK q04 q10 q03 q11 BREAK q01 q00 q06 q08
1007,q00 q09 q11 q12 q01 BREAK q05 q10 q06 q02 q08 BREAK q07 q13 q03 q04
1008,q07 q04 q06 q01 q00 BREAK q08 q05 q09 q02 q03
1009,q00 q01 q04 BREAK q02 q03 q05
1010,q04 q00 q01 BREAK q02 q05 q03
1011,q02 q01 q05 q03 BREAK q07 q04 q00 q06
1012,q02 BREAK q03 q05 q00 q01 q04
1013,q07 q03 q00 q04 BREAK q06 q01 q02 q05
1014,q06 q02 q05 q08 BREAK q00 q07 q01 q04 q03
1015,q07 q12 q11 BREAK q06 q05 BREAK q14 q02 q09 q10 BREAK q13 q00 q03 q17 q15 BREAK q08 q16 q01 q04
1016,q05 q06 q04 q01 BREAK q00 q07 q03 q08 q02
1017,q00 q04 q07 q06 BREAK q05 q02 q03 q01
1018,q08 q03 q00 q13 BREAK q02 q06 q04 q01 q09 BREAK q10 q11 q05 q07 q12
1019,q07 q02 q03 q01 BREAK q00 q04 q06 q05
1020,q06 q04 q00 BREAK q03 q05 q01 q02
1021,q08 q02 q01 q12 BREAK q10 q04 q03 q07 q06 BREAK q09 q00 q05 q11
1022,q02 q07 q04 q03 BREAK q06 q00 q01 q05
1023,q08 q03 q01 q00 BREAK q06 q02 q12 q07 BREAK q11 q05 q10 q09 q04
1024,q07 q03 q04 q08 BREAK q06 q05 q01 q02 q00
1025,q10 q14 q16 q02 q05 q09 BREAK q01 q17 q15 BREAK q11 q04 q13 q07 BREAK q12 q03 q08 q06 q00
1026,q07 q04 q06 q02 q01 BREAK q09 q05 q03 q00 q08
1027,q04 q00 q07 q01 q06 BREAK q05 q08 q03 q02
1028,q04 q00 q01 q02 BREAK q07 q06 q08 BREAK q05 q03 q09 q10
1029,q08 q02 q01 q03 q00 BREAK q04 q05 q06 q07 q09
1030,q00 q03 q02 q04 BREAK q06 q01 q05
1031,q01 q03 q04 q06 BREAK q07 q02 q05 q00
1032,q01 q00 q04 q02 BREAK q07 q06 q05 q03
1033,q05 q04 q00 q06 BREAK q03 q07 q02 q01
1034,q01 q15 q16 q12 BREAK q13 q14 q10 q08 BREAK q00 q03 q07 q04 q02 BREAK q11 q06 q09 q05
1035,q01 q00 q05 q06 BREAK q04 q03 q02
1036,q05 q03 BREAK q00 q01 q02 q04
1037,q04 q03 BREAK q06 q10 q05 q09 BREAK q11 q00 BREAK q08 q02 q01 q07
