task_id,cells
f_fc2c4d0381d8038d4599,"[[0,0]]"
f_26aee577afaa4ab03fb8,"[[0,0]]"
f_5004d8283a4f5911ddcf,"[[0,0]]"
f_9f3a1edae201211275ba,"[[0,0]]"
f_069311ce4f391d216d5d,"[[0,0]]"
f_da99570bd6a493242283,"[[0,0]]"
f_a7ae46993fd87cc4badc,"[[0,0]]"
f_f72f72cd68f36fd5852b,"[[0,0]]"
f_ef0b403d6d2edcf4892c,"[[0,0]]"
f_7daa1f7deb24f020b623,"[[0,0]]"
f_52a7455cef80335897cd,"[[0,0]]"
f_78fdf1d727743f8c608d,"[[0,0]]"
f_00591cd32adc05177aa6,"[[0,0]]"
f_4219edf6925337bc4a88,"[[0,0]]"
f_db35a3e2497897216d78,"[[0,0]]"
f_e0d19deaee89a7900dee,"[[0,0]]"
f_d541411bbcebfe0b8b4b,"[[0,0]]"
f_9c6c328a58f3394843ac,"[[0,0]]"
f_2bf6a09dde037447e630,"[[0,0]]"
f_8b9ebbf5e082ef8b0328,"[[0,0]]"
f_0f504d998548346728ff,"[[0,0]]"
f_f9faa7842c11a893fa8f,"[[0,0]]"
f_3aafc6000450c77ba244,"[[0,0]]"
f_0b1c6a162a98cace4fa6,"[[0,0]]"
f_f3c286f8b229d66282e7,"[[0,0]]"
f_564f1860c973089dff93,"[[0,0]]"
f_e3afd9db6b32f71bc458,"[[0,0]]"
f_f1295150611b357e6feb,"[[0,0]]"
f_b6857f5b972d88d17c1c,"[[0,0]]"
f_b3be9f683855201bcd8b,"[[0,0]]"
f_d241b0dd638eb5d9b4f4,"[[0,0]]"
f_f9e43bfd559a03072517,"[[0,0]]"
f_b853e82a7ba41031b328,"[[0,0]]"
f_80e1ef6c87ad4ae78afc,"[[0,0]]"
f_82c04566bce13debbf7a,"[[0,0]]"
f_2cd4a67ad1a1e7f6ba91,"[[0,0]]"
f_010e0fde9ed4fdfebb70,"[[0,0]]"
f_646c3de6dab227158cd4,"[[0,0]]"
f_7da0b08bd7b9e7af4aa8,"[[0,0]]"
f_cd272f6d3c9a16d49aac,"[[0,0]]"
f_028366da5cfb4a16b24d,"[[0,0]]"
f_a60f4c6d50cd1db12984,"[[0,0]]"
f_6dc8c012d6c858c8f031,"[[0,0]]"
f_423cc1a648a484589a57,"[[0,0]]"
f_9dfb6926bc25ff7ee521,"[[0,0]]"
f_675a3276f216ad0d46a4,"[[0,0]]"
f_3820d8e0d80cd55a370a,"[[0,0]]"
f_63eae54b88a2085e2383,"[[0,0]]"
f_fa338bbce936a94741b0,"[[0,0]]"
f_7d0cf4f2f2a397184966,"[[0,0]]"
f_7da6431f5b6663d701cd,"[[0,0]]"
f_128064ed5bea038124a5,"[[0,0]]"
f_753fc6639bead819c04e,"[[0,0]]"
f_d01d9ef6ea218ab98a56,"[[0,0]]"
f_ab71f200a7f8b61bca61,"[[0,0]]"
f_23e03f591641d9e3cec4,"[[0,0]]"
f_c2f33e0d7a4a89612d91,"[[0,0]]"
f_2bf769f69e312008a427,"[[0,0]]"
f_433cba851350f9dac396,"[[0,0]]"
f_deb9401ae3cbf0a93a02,"[[0,0]]"
f_f6005397ecfe5f68e5d2,"[[0,0]]"
f_6cbdf72231c6a3591d36,"[[0,0]]"
f_c58b2d13cbffbd5e6663,"[[0,0]]"
f_9cd56733bd4953209250,"[[0,0]]"
f_f88c8a70e2c36d21e942,"[[0,0]]"
f_040b4f1c8429dd5b1dfb,"[[0,0]]"
f_99b6b45c88d8eacb0cf0,"[[0,0]]"
f_2c7b99870baa83d8444a,"[[0,0]]"
f_a12bfd4ffe618232d40c,"[[0,0]]"
f_c2ba593b75e6d15b6780,"[[0,0]]"
f_5b79d959bd4234143955,"[[0,0]]"
f_5217ebcf7126543ac764,"[[0,0]]"
f_2a846f0f3424c6232403,"[[0,0]]"
f_76d914eea1ebc78faf23,"[[0,0]]"
f_d5d648dca0a642a1a808,"[[0,0]]"
f_b1463b45c79825672f0d,"[[0,0]]"
f_91137905c3e2f07a6eea,"[[0,0]]"
f_91fb2135f66ba1c2fb99,"[[0,0]]"
f_0e620b412778cb7b7e71,"[[0,0]]"
f_f50514c82e5ff6735437,"[[0,0]]"
f_b68cffac404e25b41be6,"[[0,0]]"
f_8577fa77483e350db78f,"[[0,0]]"
f_b932370fa99953776d1a,"[[0,0]]"
f_338a9da56588569672c1,"[[0,0]]"
f_c34553ab33c199e6a39a,"[[0,0]]"
f_53898b6d76dc1c82af2b,"[[0,0]]"
f_8a672d59718aa4bb17dc,"[[0,0]]"
f_53271c760259ee261f86,"[[0,0]]"
f_ea1f698cf8d9bb3b27c6,"[[0,0]]"
f_c5c28a45de37af1fff62,"[[0,0]]"
f_522725122a17de87c890,"[[0,0]]"
f_f2b365c3d922bd3babef,"[[0,0]]"
f_2d1c73da04ada8bb004b,"[[0,0]]"
f_09798ff6cf5a7ad909c3,"[[0,0]]"
f_c2845f0e79887015f4b5,"[[0,0]]"
f_f28a85b40e1fa9cbdf8e,"[[0,0]]"
f_34faa8b058852576de3b,"[[0,0]]"
f_4b0f4cabe0f8748dad70,"[[0,0]]"
f_e476debaa71c2904ea8d,"[[0,0]]"
f_7e42c46b2034e46a2375,"[[0,0]]"
f_114a0213d587e0c94998,"[[0,0]]"
f_e8546ff40ecab6463b76,"[[0,0]]"
f_8c48ef30bed18efa10af,"[[0,0]]"
f_c6111dd223684d1b14ee,"[[0,0]]"
f_1a2823b6f8133d1951da,"[[0,0]]"
f_27dea245c45758c44099,"[[0,0]]"
f_8841015082c5812b8938,"[[0,0]]"
f_d41da9be6886a14958ce,"[[0,0]]"
f_992658bae5470e9851fc,"[[0,0]]"
f_6e0caba3789a1edc922d,"[[0,0]]"
f_b6471da564bed798f04c,"[[0,0]]"
f_d862e2ce06e520ccc1c9,"[[0,0]]"
f_d835732fc73e37c88866,"[[0,0]]"
f_730da00f0c15a5fb1e3d,"[[0,0]]"
f_3aa97d1b0981c3dac250,"[[0,0]]"
f_33ec3b273db5a6c98525,"[[0,0]]"
f_52af4dd8c0d869c8aa89,"[[0,0]]"
f_d7775d1627e2ed256097,"[[0,0]]"
f_bd4002158f12b197dea7,"[[0,0]]"
f_1394f743e19f13ac11bf,"[[0,0]]"
f_dd3c1c8171d932650923,"[[0,0]]"
f_933436a117411aae98a3,"[[0,0]]"
f_617e6194bdabc807958f,"[[0,0]]"
f_b42b96d29a6ecb82aad0,"[[0,0]]"
f_c4d1a48cf0ea7bdc1b76,"[[0,0]]"
f_0102fda08c40f0253ec1,"[[0,0]]"
f_e2525e5032cf03ff53d9,"[[0,0]]"
f_d9fa3e6e40b1572834e2,"[[0,0]]"
f_eae7388bf0e6a5159956,"[[0,0]]"
f_4e086788ba9292e2d1de,"[[0,0]]"
f_dacf6544be98a3cc87c4,"[[0,0]]"
f_3d2c016a6db3cf756f6b,"[[0,0]]"
f_23f674ed01f805c02596,"[[0,0]]"
f_ceea2bcd0b0ed92f6dac,"[[0,0]]"
f_f0051f5c128666d04334,"[[0,0]]"
f_9bada6adea792d9ed8ae,"[[0,0]]"
f_1a135214c756a5d60c0e,"[[0,0]]"
f_c8b3347438292227475b,"[[0,0]]"
f_6dbf61c06785321a2bd1,"[[0,0]]"
f_0d458bca16fc20d9ab24,"[[0,0]]"
f_77f52b95fa739eb7e553,"[[0,0]]"
f_8f1b423971f453b9e7bf,"[[0,0]]"
f_e801b47528d602c1850b,"[[0,0]]"
f_e879b5b2205fcfba6af7,"[[0,0]]"
f_3131456092d317230190,"[[0,0]]"
f_7b603c3c575b5538f05f,"[[0,0]]"
f_ad3bc0666176e839a880,"[[0,0]]"
f_c6bbc67a484c9610d546,"[[0,0]]"
f_b556fcae11b933fb9be2,"[[0,0]]"
f_0625a9a0f1d950f20521,"[[0,0]]"
f_7e2c30bb4869d87d24dc,"[[0,0]]"
f_f8ebcf880b41f24253d1,"[[0,0]]"
f_9bcc7c4bfeac0d5105cd,"[[0,0]]"
f_2eaa6687017d9b610bc3,"[[0,0]]"
f_028c162a78d07734defc,"[[0,0]]"
f_e382113a10df02c21916,"[[0,0]]"
f_c53b25110283c98f2f65,"[[0,0]]"
f_bdce7e0d3145d47e272f,"[[0,0]]"
f_ef732a0e9170ba50f4b0,"[[0,0]]"
f_0c0211702d9953aa1bcf,"[[0,0]]"
f_a4c996b57f8e8536ef72,"[[0,0]]"
f_9ebaa8ba8f9ab7a97905,"[[0,0]]"
f_fb3e60e4ca7000d92b7b,"[[0,0]]"
f_a2b302c673a51a96ca83,"[[0,0]]"
f_1a7e250d8b7d90f520a9,"[[0,0]]"
f_c7e2eb680c403d6ac367,"[[0,0]]"
f_1126225a109697740166,"[[0,0]]"
f_b3e495f30d26c2488b96,"[[0,0]]"
f_44d594844752380413a7,"[[0,0]]"
f_208a4403eab4ab432bec,"[[0,0]]"
f_ab7de319d1793e9a5976,"[[0,0]]"
f_7da1a36fbdc61ff73509,"[[0,0]]"
f_f0f01b3b4b7ee1206aba,"[[0,0]]"
f_c146e84350c61011d176,"[[0,0]]"
f_faafead51faa75903aa9,"[[0,0]]"
f_a87dfc7d38fba6108e7e,"[[0,0]]"
f_b46e39dc20d42ef1bbd1,"[[0,0]]"
f_f8fd04cfedd81a897976,"[[0,0]]"
f_5a7b17651b12e42fb919,"[[0,0]]"
f_be5ad4698e0bfa33ece4,"[[0,0]]"
f_d74d5c0928fe67e6e028,"[[0,0]]"
f_428b89b40bb0eb88aacc,"[[0,0]]"
f_3cf2993d1009bbeadfcf,"[[0,0]]"
f_4000d5174b5ad4f07607,"[[0,0]]"
f_a4862c3714daadf20e63,"[[0,0]]"
f_5d3155d17ca2420b2046,"[[0,0]]"
f_bd4384aeb98ab9dad273,"[[0,0]]"
f_40e81c6f65d320cbc19b,"[[0,0]]"
f_69f0b26367da0ba613f0,"[[0,0]]"
f_8534eb2acc49629c35cc,"[[0,0]]"
f_d69c8aa3f26d50ea3bdd,"[[0,0]]"
f_e9fa70b6df57293d001e,"[[0,0]]"
f_5e68cb8d97ecc1cf9b7c,"[[0,0]]"
f_1c991e3c4ec801f0b2fa,"[[0,0]]"
f_2e0ad5de34f4b2a18dc2,"[[0,0]]"
f_ae509e67ebb77e653891,"[[0,0]]"
f_2edb4650906184751dc2,"[[0,0]]"
f_b2ed67e2de4af883bc6a,"[[0,0]]"
f_85e5e322d1f110ca1002,"[[0,0]]"
f_f2cb95e81ee079b2edf5,"[[0,0]]"
f_8699271c648158da746b,"[[0,0]]"
f_080267e3c573e145ccb1,"[[0,0]]"
f_aba99757e7428bf053c7,"[[0,0]]"
f_b3ae9e27a2b12f9fcd5b,"[[0,0]]"
f_b6de3a3e68f1d0482710,"[[0,0]]"
f_336ec7d6328fd0100e9d,"[[0,0]]"
f_1ffbf071f320347d1a7c,"[[0,0]]"
f_aa5746be12ba88da2d07,"[[0,0]]"
f_735ea0b089881c4c0ba8,"[[0,0]]"
f_73024d846aa4746082f0,"[[0,0]]"
f_c7e7e6fdb6c720e55f89,"[[0,0]]"
f_c1ab0de91af0abce7d36,"[[0,0]]"
f_b146f78230f21e94f382,"[[0,0]]"
f_3712c6ee8edd2d4118aa,"[[0,0]]"
f_95ac607e472f56c33810,"[[0,0]]"
f_5d57f3ceb578f751e8aa,"[[0,0]]"
f_85477a873bf25977c7a8,"[[0,0]]"
f_0e69eedd676b5052ecd9,"[[0,0]]"
f_349c1cf5fd9af891b50a,"[[0,0]]"
f_586d80d8ae407afc7a0a,"[[0,0]]"
f_1d156e8c1ec766475256,"[[0,0]]"
f_24f33b0aee4bf73e2154,"[[0,0]]"
f_c9ed6ee176ae74a18e2d,"[[0,0]]"
f_642ff2b7b4b75e4899d3,"[[0,0]]"
f_fb06e88be54d3abba8a2,"[[0,0]]"
f_2026bfd032ee3eb492d8,"[[0,0]]"
f_952899a180573b426f95,"[[0,0]]"
f_7d07610712ce41b9d897,"[[0,0]]"
f_e8bfda4bf81b255a7e64,"[[0,0]]"
f_77569a80cba6bfd05b7d,"[[0,0]]"
f_bcd9fe9f45507372b5de,"[[0,0]]"
f_0ecd61142c0b44b83143,"[[0,0]]"
f_c4afb598428d3b5d230c,"[[0,0]]"
f_7c5245cdd2329f75bd20,"[[0,0]]"
f_25d5672382a2511e4aae,"[[0,0]]"
f_c4b5d41958bee7d2803c,"[[0,0]]"
f_b57fcc2cfbe06ea22cfa,"[[0,0]]"
f_07dcd41066427f69b017,"[[0,0]]"
f_58d20f54595c39ca923d,"[[0,0]]"
f_abd500549d877be1d1a3,"[[0,0]]"
f_aa23ae330617064369f5,"[[0,0]]"
f_f83312ed29584c689b24,"[[0,0]]"
f_ef585631fe3c02da910b,"[[0,0]]"
f_671431f1289371d4410f,"[[0,0]]"
f_5632aad9bcce4d541019,"[[0,0]]"
f_3ab4b4b4b59f6d1bc07d,"[[0,0]]"
f_6914b96665fd6fc4bd52,"[[0,0]]"
f_532476adfe6f25d9c884,"[[0,0]]"
f_4b376ae77695d8e8c942,"[[0,0]]"
f_496669b54c90dadc16ff,"[[0,0]]"
f_5dff5b404eafb2ddd95c,"[[0,0]]"
f_e381ceebd8f4cc024dee,"[[0,0]]"
f_2813517c43b44422be30,"[[0,0]]"
f_468fcd3ccc36b511af71,"[[0,0]]"
f_d135534bc73f08cff3b1,"[[0,0]]"
f_26f909eb7ef96040f5f4,"[[0,0]]"
f_dd9622a1d5f9c7808179,"[[0,0]]"
f_0bdee3fc00afba9249ba,"[[0,0]]"
f_fad1d14a30ec9dc921e2,"[[0,0]]"
f_c64c95564c0f104f1b4b,"[[0,0]]"
f_f6b8b3fbb1a1beb28863,"[[0,0]]"
f_cc7f4af6bf59db4ba150,"[[0,0]]"
f_8f554d9ca160a80f277b,"[[0,0]]"
f_6da10d1a15e5b5394f54,"[[0,0]]"
f_700d78cab67c92621c70,"[[0,0]]"
f_611cb6dd0c154a3e02e6,"[[0,0]]"
f_58d3eaa8e9f43954d7b5,"[[0,0]]"
f_449553bdf8f3f38780d9,"[[0,0]]"
f_e105f665cd95daa931b1,"[[0,0]]"
f_686f825f6d86355bb1ab,"[[0,0]]"
f_530a6335ad7b5d2d789c,"[[0,0]]"
f_4f040c23685414e725c5,"[[0,0]]"
f_99ebfafc85f3ae9f44d6,"[[0,0]]"
f_a4f638723344d447010d,"[[0,0]]"
f_b0804b543f84296622e3,"[[0,0]]"
f_87b2be352887b6e87caa,"[[0,0]]"
f_c65fefa0ba44cb1ef072,"[[0,0]]"
f_23a92bc3e6ac488ea762,"[[0,0]]"
f_ea0b5a42f27a63eb3c5f,"[[0,0]]"
f_75b2504331e597bb9b20,"[[0,0]]"
f_5c5a0e14d100c43cb680,"[[0,0]]"
f_bc46523cf6b251ceb9ba,"[[0,0]]"
f_8db8214fa6e6b808c0d8,"[[0,0]]"
f_177b9beaa69a84d90842,"[[0,0]]"
f_deb1a0164c8906a3c2b8,"[[0,0]]"
f_a02181985fe1340c7fc6,"[[0,0]]"
f_82b990038edadf1488b7,"[[0,0]]"
f_7440a003d4ac2761dc4c,"[[0,0]]"
f_0d76ca6698530f18c89d,"[[0,0]]"
f_ccc3e3c290e344df6018,"[[0,0]]"
f_fedd25ece2eabcbfba9c,"[[0,0]]"
f_f1bcd73f299ea33df380,"[[0,0]]"
f_c45c7e4f1bcc8c018b8c,"[[0,0]]"
f_dbef8f467a0000e33583,"[[0,0]]"
f_61df1aa5e8d825328af7,"[[0,0]]"
f_094beb21c8ba8c18be3b,"[[0,0]]"
f_bc1996f2fab5dc455fb4,"[[0,0]]"
f_6bc24a9b34ecc9ea7415,"[[0,0]]"
f_6000822145ecd56b8cdf,"[[0,0]]"
f_36f235912dfafbce4dbf,"[[0,0]]"
f_13e4c79efee9e2c44360,"[[0,0]]"
f_c53025f1012b17ad14f5,"[[0,0]]"
f_7d4ebed15583513b0a08,"[[0,0]]"
f_72c735639c945cbad1fc,"[[0,0]]"
f_d51506ec759411693b4c,"[[0,0]]"
f_97abe99e567bd89fe63b,"[[0,0]]"
f_0fb834374617b0f616e7,"[[0,0]]"
f_d25cfcffc77f5132ea1a,"[[0,0]]"
f_6a48efaa8fd3864904f6,"[[0,0]]"
f_858cb55366805424ab45,"[[0,0]]"
f_41e88670863d76df04b1,"[[0,0]]"
f_3035f038da4333971f94,"[[0,0]]"
f_ea2ee6808ce8af8294b0,"[[0,0]]"
f_83c1ed61edd9af9e3f12,"[[0,0]]"
f_033e097ae97c9d76ffcf,"[[0,0]]"
f_45265049c7072cd605f4,"[[0,0]]"
f_07391ad2b683405070f6,"[[0,0]]"
f_de47e3a1b1877b83f2d0,"[[0,0]]"
f_dc03b2e35b1e5d4179fe,"[[0,0]]"
f_04567b0ae929f58705cd,"[[0,0]]"
f_658dd8aed725468e27ee,"[[0,0]]"
f_cb171df7a519390d4562,"[[0,0]]"
f_5a0bb6d5593b0c316075,"[[0,0]]"
f_c6e2c0510fdf6f4280e0,"[[0,0]]"
f_bb6503dff4909c2616b9,"[[0,0]]"
f_aab0e591b974c6de2069,"[[0,0]]"
f_a54dc915e166211959ab,"[[0,0]]"
f_6164fafdcd8d4fa935d5,"[[0,0]]"
f_f16adb9b5396cb03a327,"[[0,0]]"
f_9ae2b0f6585d9f520656,"[[0,0]]"
f_6448ce754e248529734f,"[[0,0]]"
f_a5ad61634725fa4f3bcd,"[[0,0]]"
f_48a116d6dede88c0460f,"[[0,0]]"
f_bc7655ef7d8c6a6897be,"[[0,0]]"
f_7e7b982fb69f8b217cb6,"[[0,0]]"
f_f4467d3ef8d2211aeca2,"[[0,0]]"
f_e66473bbbce2d694a79a,"[[0,0]]"
f_217546bae22de3beb493,"[[0,0]]"
f_fd8a8cc3f637484809b7,"[[0,0]]"
f_d35bc6daa57fd14ae140,"[[0,0]]"
f_ed1f61197df07361a330,"[[0,0]]"
f_b1d2d5e0b7a3981d6325,"[[0,0]]"
f_d71b2665553ae49ab093,"[[0,0]]"
f_3c37e782d1b7311dd203,"[[0,0]]"
f_1d1a92e3e1e6cd562a99,"[[0,0]]"
f_2e4124745c43c9b20823,"[[0,0]]"
f_83ce9f97e07cb34409d8,"[[0,0]]"
f_52a762e7402fe381d81c,"[[0,0]]"
f_9e4d4de4f824f37a61fd,"[[0,0]]"
f_3f7010c26b955963ab13,"[[0,0]]"
f_6c8bff926ed765988ecf,"[[0,0]]"
f_d535707754bbc7a71009,"[[0,0]]"
f_0ae9137763e0f1d7ff35,"[[0,0]]"
f_88b9d2f0caa585861ae5,"[[0,0]]"
f_fe63f0118e88e11b6be3,"[[0,0]]"
f_38ba64789d779d5e5818,"[[0,0]]"
f_c78bf061fd8e295a811f,"[[0,0]]"
f_0afe435c2804666a3a37,"[[0,0]]"
f_40e73250193217dad18c,"[[0,0]]"
f_457660e06ae3c1a92df5,"[[0,0]]"
f_2a4ef03f08a1de1cc428,"[[0,0]]"
f_42ab2ce3756808d9fff3,"[[0,0]]"
f_fb09d59e658ce71612e9,"[[0,0]]"
f_37c2b3ffc99908eb84df,"[[0,0]]"
f_01a05d6dd7ae4ddb437d,"[[0,0]]"
f_001f4ff4a84a430ac636,"[[0,0]]"
f_ab28cc8ada5aace97d55,"[[0,0]]"
f_db314f16d02a9a8cc2d8,"[[0,0]]"
f_ff1ae028aa5f2934ed50,"[[0,0]]"
f_3e2f40e22634f1036eb5,"[[0,0]]"
f_0340af862df2358c2340,"[[0,0]]"
f_691b9a207a13e21582c1,"[[0,0]]"
f_2d18af8c130dd433091d,"[[0,0]]"
f_cf62a621aedd4e5120eb,"[[0,0]]"
f_2929f07d5829480d4fcf,"[[0,0]]"
f_9051256561546848bc2e,"[[0,0]]"
f_495f1135a56e19bb7219,"[[0,0]]"
f_b846dee9afbc4cc9485d,"[[0,0]]"
f_0984ba80f2024a193b10,"[[0,0]]"
f_57a3a015f77ef8ef5c7f,"[[0,0]]"
f_ee7d81e3f2bedee33464,"[[0,0]]"
f_30cd8d615f6d9d44e650,"[[0,0]]"
f_b4e446c576b55eda810b,"[[0,0]]"
f_5cc736fc4d668aa9b8b7,"[[0,0]]"
f_55874ce831d7d5d91038,"[[0,0]]"
f_d7c2203538ac892eb6f3,"[[0,0]]"
f_15da236b0624f9ca46b2,"[[0,0]]"
f_ae44794c3ffbfd12d4c1,"[[0,0]]"
f_47b3be93d27e69f6dc85,"[[0,0]]"
f_eb42577eb35ff7292ef4,"[[0,0]]"
f_1ab8c3d644890d467d6c,"[[0,0]]"
f_9784a14e3964c806372f,"[[0,0]]"
f_6ae4f91b23d91d03bff7,"[[0,0]]"
f_76475361e337e3af6be9,"[[0,0]]"
f_ce36d70b54b80007992b,"[[0,0]]"
f_bc8350ce3a61c7f3902e,"[[0,0]]"
f_58cda6e328b52e5c520c,"[[0,0]]"
f_0892866aacfd3064c974,"[[0,0]]"
f_e50d616c406e7d4a08d1,"[[0,0]]"
f_e460ce42e6e444a8bbf5,"[[0,0]]"
f_5913698aed4d1805f2ea,"[[0,0]]"
f_c65d3b9210ca056df483,"[[0,0]]"
f_38c74658190ff07ef748,"[[0,0]]"
f_14052693f387eaf85e4e,"[[0,0]]"
f_840f56f6e678e9a82695,"[[0,0]]"
f_47a990e7d3bab6959a94,"[[0,0]]"
f_8be8ffb5581925121640,"[[0,0]]"
f_63a717f98e3f16a3b6f3,"[[0,0]]"
f_2bc410a7e9d428270306,"[[0,0]]"
f_dfbd8f08fd4ec3926bd1,"[[0,0]]"
f_3c356ec0bebb53d8d06c,"[[0,0]]"
f_76354c48e2053c71b1fc,"[[0,0]]"
f_ce27c9c0c1b1219d0217,"[[0,0]]"
f_32466c0de1de039992bb,"[[0,0]]"
f_0f34ea396c6750489f53,"[[0,0]]"
f_826c57b53cefecc48959,"[[0,0]]"
f_ab5e6898fc120b95e525,"[[0,0]]"
f_ec0daecd9b747d7da858,"[[0,0]]"
f_21eb57cf08e26eef0ef1,"[[0,0]]"
f_064d03446d3878cf9bf7,"[[0,0]]"
f_a8c4d2976c0a25b0f44e,"[[0,0]]"
f_64f69bb3ad0e907f889b,"[[0,0]]"
f_5af6bd9299dc56e0053c,"[[0,0]]"
f_00f190165871da40ac42,"[[0,0]]"
f_559c3b3be76ead7b5275,"[[0,0]]"
f_0904c8b1f2138c43ba69,"[[0,0]]"
f_5912b771051546289357,"[[0,0]]"
f_33ef01c8d846cdd25b0c,"[[0,0]]"
f_bdf4e0ee0e8938ffbeff,"[[0,0]]"
f_f324742ebdf18ec67aba,"[[0,0]]"
f_65b2deb9487e50741cfa,"[[0,0]]"
f_497398a2c901aa477328,"[[0,0]]"
f_3d8d44b5b213bd5f8623,"[[0,0]]"
f_904547acd3cdddc8163e,"[[0,0]]"
f_6cf7244d9db253fde0a1,"[[0,0]]"
f_b5afcd0b2a4ba3cfd95d,"[[0,0]]"
f_361728ea3dbc908d5808,"[[0,0]]"
f_2e8259f1bf1e0c4eb0ff,"[[0,0]]"
f_b1bf953898f29c26598f,"[[0,0]]"
f_58be70944f4879c4db66,"[[0,0]]"
f_a783ae5fa40603427821,"[[0,0]]"
f_e049914eb7bf10e5e19b,"[[0,0]]"
f_f89bf8b889d99c530f23,"[[0,0]]"
f_3ddb4cfe078959d25444,"[[0,0]]"
f_6843585f972e6e1dc6f6,"[[0,0]]"
f_5cf7cc9d444fce823e49,"[[0,0]]"
f_b3b03878af100068c1f4,"[[0,0]]"
f_815d10b58332977d6ef3,"[[0,0]]"
f_2f7006643f2eb5f005c4,"[[0,0]]"
f_3409fb86ea8c99598bbc,"[[0,0]]"
f_fe57cb283115c3e7bfd7,"[[0,0]]"
f_7feefc8941bf7c251b4e,"[[0,0]]"
f_dce7adc68e620883140e,"[[0,0]]"
f_6153ac069fb0d7e44ce4,"[[0,0]]"
f_3a2c73debc28368c1ec3,"[[0,0]]"
f_9b22936b53410cbb742d,"[[0,0]]"
f_edd7f95053ed77f03098,"[[0,0]]"
f_03502da4f0e02d20d296,"[[0,0]]"
f_821d1b2be780c451a3f8,"[[0,0]]"
f_1292201c2d3bbb3841fe,"[[0,0]]"
f_bfefe95d540bc8fa15a9,"[[0,0]]"
f_ca186357cc0bf4dd6683,"[[0,0]]"
f_d991bdeb7bea1a505fab,"[[0,0]]"
f_ef3d24dca54efe6b0d0c,"[[0,0]]"
f_a61e2006714b0fb541d0,"[[0,0]]"
f_55798d77108034d42e86,"[[0,0]]"
f_c727564609f929afba71,"[[0,0]]"
f_1ba0864bfdf5230f62e5,"[[0,0]]"
f_9ecd3474a8b909656451,"[[0,0]]"
f_54eb96e5b91d5f7672b8,"[[0,0]]"
f_5b996bce8a6ee5128fc7,"[[0,0]]"
f_2518b63f75b001f5ce31,"[[0,0]]"
f_95a18fef495083a650ce,"[[0,0]]"
f_14362f98adce47f7e42c,"[[0,0]]"
f_3f71d285193677e0cd6a,"[[0,0]]"
f_fb5ed82934fbc6a00e69,"[[0,0]]"
f_cf0ec005e1c310244d12,"[[0,0]]"
f_af904c1e5ad27db3631f,"[[0,0]]"
f_0b7b1e4bb505ccba8cae,"[[0,0]]"
f_85681feee228e92b4b37,"[[0,0]]"
f_706b40fe63b0108230f5,"[[0,0]]"
f_16e6218dbe05b887f826,"[[0,0]]"
f_dde8a954b03b0dfee87d,"[[0,0]]"
f_b3fcd98c63834fd20f71,"[[0,0]]"
f_2fc5e15ddd4fc7e414b2,"[[0,0]]"
f_5ef4d39673e6b6dc5e59,"[[0,0]]"
f_4a70b83ac0e66c49ec3c,"[[0,0]]"
f_ab4179d000039be0f1b1,"[[0,0]]"
f_12a528e35f54811921d5,"[[0,0]]"
f_92f74ae0d9f351eb9d45,"[[0,0]]"
f_280a4b39eddfba2a65ae,"[[0,0]]"
f_00ed412a7ec4f71a5606,"[[0,0]]"
f_02f676e632773ebbe6ad,"[[0,0]]"
f_e8c6142229158635a5f0,"[[0,0]]"
f_4be070879bb2029bf12f,"[[0,0]]"
f_b50126be757e2626bcd3,"[[0,0]]"
f_1f892dda3cc1a1f4c843,"[[0,0]]"
f_5be8d79c6df895af1e70,"[[0,0]]"
f_97a5afbbde9c3ae40be6,"[[0,0]]"
f_cd45e633a8a1f33660b4,"[[0,0]]"
f_802f234011c8bfd0c99f,"[[0,0]]"
f_eb08ca3bac4db747ce9d,"[[0,0]]"
f_9543600bf5e2d54f2d27,"[[0,0]]"
f_97d23cb1f19f8c4afa75,"[[0,0]]"
f_30fe08db4ea77a22e7cb,"[[0,0]]"
f_5dea93eb2ab1a71e5e01,"[[0,0]]"
f_71f4c4a340fb18a4992a,"[[0,0]]"
f_93076fb2d8c35ba5c738,"[[0,0]]"
f_5ec2b423c065c5d3acf9,"[[0,0]]"
f_c3661037d631488ae962,"[[0,0]]"
f_dfb3aacea07491224b25,"[[0,0]]"
f_877e9ed471e52468fc3e,"[[0,0]]"
f_5b3c1cb9e0a9a03afc44,"[[0,0]]"
f_78d1b6b9e03060a81f8c,"[[0,0]]"
f_7bb253e54c797e3682f4,"[[0,0]]"
f_708cf54350f63e8eeced,"[[0,0]]"
f_efd875ddae6612ab6d9c,"[[0,0]]"
f_0056f9450c9079c336ec,"[[0,0]]"
f_66cafbe32d9bda29ca27,"[[0,0]]"
f_766494662010230d9767,"[[0,0]]"
f_1d4ebfc4b5352a095a8d,"[[0,0]]"
f_c018cbd7274ba8bb6651,"[[0,0]]"
f_a3e81a6ef16a38a2cb8e,"[[0,0]]"
f_727cefd2401fcce7f367,"[[0,0]]"
f_2682af86f60c8d649b2a,"[[0,0]]"
f_aad6e8c587da74e57d36,"[[0,0]]"
f_e272bcf86ac2f7f6df1f,"[[0,0]]"
f_3891fd4afca1f4a5788a,"[[0,0]]"
f_6d427114106445aa315e,"[[0,0]]"
f_412d04127cf2e3928dc2,"[[0,0]]"
f_588a1793e43b00d91d10,"[[0,0]]"
f_b84b7d276d3c0e705cf6,"[[0,0]]"
f_1dcd2978d44f118eb4b9,"[[0,0]]"
f_85eada70b68f369597f5,"[[0,0]]"
f_c32e8a2b49c3f9f8bb89,"[[0,0]]"
f_e35822afbcb191e9e9f6,"[[0,0]]"
f_80a940682a5b54e13e34,"[[0,0]]"
f_2ddf9a5c1d68a23dbc40,"[[0,0]]"
f_484fba69ca4a5fcf5e20,"[[0,0]]"
f_aada26a1847f861bfb9b,"[[0,0]]"
f_d094e88f4db8f314318a,"[[0,0]]"
f_f1caa3781eb623c3d7cb,"[[0,0]]"
f_3f79680884b2ac2eb410,"[[0,0]]"
f_92fad973c1f7a382a190,"[[0,0]]"
f_acb4023ee862bf361e9a,"[[0,0]]"
f_6609ea5dd421fabe0c2d,"[[0,0]]"
f_f025595f7ee8bbb5f9a5,"[[0,0]]"
f_0f13cbacb3954bb08c5c,"[[0,0]]"
f_b1950cc364618d5c5b40,"[[0,0]]"
f_63f2289c529187ef3d1e,"[[0,0]]"
f_4b51a3b4c8536a02571e,"[[0,0]]"
f_7521a7c1dab193aba864,"[[0,0]]"
f_c1717bd2c1c117b1fd04,"[[0,0]]"
f_18bb453740fa8bd9ee9d,"[[0,0]]"
f_cd04b81c8e6197283e5a,"[[0,0]]"
f_97ac17cc3ef04f8d8001,"[[0,0]]"
f_688a789c244c693aeb80,"[[0,0]]"
f_ee5ccb44977542c28739,"[[0,0]]"
f_4d3dc4ec8bff844b962e,"[[0,0]]"
f_d0a5c84a6a283d11da7b,"[[0,0]]"
f_c1f989339370f31d444c,"[[0,0]]"
f_e8dd8e74e7396b46d59f,"[[0,0]]"
f_6177b1497177db0abb5f,"[[0,0]]"
f_7af89c72114103c8269a,"[[0,0]]"
f_676cd624a8fdab15edd3,"[[0,0]]"
f_26987a730e9b158d05a0,"[[0,0]]"
f_981b89d2ec39911d6f7f,"[[0,0]]"
f_d731fc5791b195d48481,"[[0,0]]"
f_1b3fd0a4cb7afbbd7114,"[[0,0]]"
f_8b72d294039d7390ec41,"[[0,0]]"
f_866418d17fa2076e85cc,"[[0,0]]"
f_68dba96b87587fb165e6,"[[0,0]]"
f_5e694646ec51a36a565e,"[[0,0]]"
f_1a97188d462666158d9c,"[[0,0]]"
f_a3f585ea546c5b8ffe8d,"[[0,0]]"
f_0852853aaf582f7ebc30,"[[0,0]]"
f_343134b7fedcbb243d47,"[[0,0]]"
f_cec2e6757a4845ef0bbd,"[[0,0]]"
f_be3e2571d19c0bd3528d,"[[0,0]]"
f_9686ce046afd9caf455f,"[[0,0]]"
f_489b22bb10d19da61ded,"[[0,0]]"
f_13e6340139119d08e36e,"[[0,0]]"
f_44f8aab8172fa3d2a428,"[[0,0]]"
f_364d04a41980d2f9e5d7,"[[0,0]]"
f_fe0ffc6cf9016e8498e8,"[[0,0]]"
f_d3d349730c9ab52901ac,"[[0,0]]"
f_d084c9b889528f897101,"[[0,0]]"
f_58403f3dabda8d23358b,"[[0,0]]"
f_d07d8f4c87f3a6da8256,"[[0,0]]"
f_45cffc509d2ad14bd7fb,"[[0,0]]"
f_75f8588a58d8ef9065e3,"[[0,0]]"
f_1e651b86e3a2856a60c7,"[[0,0]]"
f_d54056cf70a312d71804,"[[0,0]]"
f_133e143f3a7fd5a71b24,"[[0,0]]"
f_c7233968613b81a49186,"[[0,0]]"
f_ee2bca38bb882beea3a9,"[[0,0]]"
f_361eb69ac81daec035db,"[[0,0]]"
f_cb029fa17008659f1d08,"[[0,0]]"
f_0cfd7342d865ba9ab689,"[[0,0]]"
f_09e8f6ac45ac8c47230d,"[[0,0]]"
f_1226ec6d0b07ad26521a,"[[0,0]]"
f_a3b57fbee7aaaa260e7e,"[[0,0]]"
f_8c228f11de7647898b9e,"[[0,0]]"
f_af18a48d735c287e4e9c,"[[0,0]]"
f_cd87b1f2c7e76fc9eaab,"[[0,0]]"
f_ab121475f26eff5e0c6a,"[[0,0]]"
f_92d74ad340b3198cb974,"[[0,0]]"
f_ec0e8d5fd37d38a6917b,"[[0,0]]"
f_2564b9f8c2a1e5e071a4,"[[0,0]]"
f_e4be35a5d2d3066264c8,"[[0,0]]"
f_8bf7daebe511b1d5fb6a,"[[0,0]]"
f_3f19e600cb639dc0bcab,"[[0,0]]"
f_336d9e558c7b6747c997,"[[0,0]]"
f_3c76fbec6bd7355d89c7,"[[0,0]]"
f_4b3382e98592003aff8c,"[[0,0]]"
f_8602879934b8b5fe8562,"[[0,0]]"
f_bf1fed8af77c3faa64a1,"[[0,0]]"
f_b07c8430a18a951c3e8d,"[[0,0]]"
f_40338300464da4c526f5,"[[0,0]]"
f_0b4e2f81198c581a4594,"[[0,0]]"
f_b04dda71fafb48b1d16c,"[[0,0]]"
f_ad12e33827bea2ede3ae,"[[0,0]]"
f_a3eae816d986825d08d2,"[[0,0]]"
f_07eafad5c803105dee79,"[[0,0]]"
f_5f3ae1b3fe11c00ade49,"[[0,0]]"
f_8166aff414343e47f261,"[[0,0]]"
f_4ca6c37d3aad1116d3c3,"[[0,0]]"
f_a149b53623020125b495,"[[0,0]]"
f_0a7d92127a872a3cd7b3,"[[0,0]]"
f_b644f55e9f0bee68027c,"[[0,0]]"
f_8b0f96e801db2de81acb,"[[0,0]]"
f_0a487459db0944641dae,"[[0,0]]"
f_62bde76bb0b0e52e8258,"[[0,0]]"
f_04d858a8093820d91aa7,"[[0,0]]"
f_ad7bbf47e59668927e99,"[[0,0]]"
f_11d5986e3d7fd00fd3bf,"[[0,0]]"
f_1d9eae33d5acf2c8abb0,"[[0,0]]"
f_a48a46d99e96c773a88d,"[[0,0]]"
f_1e0add0877ba0b976b28,"[[0,0]]"
f_a596f61b1d330f0e336d,"[[0,0]]"
f_ffdedba8a9b0db258bea,"[[0,0]]"
f_fa5a354368c3a8f0d489,"[[0,0]]"
f_76607a1cd1b3a5ab5c36,"[[0,0]]"
f_b0fd6b5b110016327e7b,"[[0,0]]"
f_5822f575c647f807f6a8,"[[0,0]]"
f_8d502b86d95024f49055,"[[0,0]]"
f_c19b311ab9a837161e03,"[[0,0]]"
f_3c15e83c378744c61a7e,"[[0,0]]"
f_f6edb36cfaa0e82c939f,"[[0,0]]"
f_8fa5a8e60535f7a0fa69,"[[0,0]]"
f_9ad214b6f6005ba4daed,"[[0,0]]"
f_48bc38b484854c0cb072,"[[0,0]]"
f_90f3a15bdc05a11d1b5e,"[[0,0]]"
f_51a06b67966584195b05,"[[0,0]]"
f_d9a9f2f57c264e2cf53f,"[[0,0]]"
f_7020a560318374a3e7d6,"[[0,0]]"
f_343ff2c36dfa620ce80d,"[[0,0]]"
f_e59853048e04f897eab2,"[[0,0]]"
f_4dbe5e6dc5032ad0aa4e,"[[0,0]]"
f_8b87bd1c0779fcb90b6e,"[[0,0]]"
f_1493e0a64ea79244f476,"[[0,0]]"
f_a389c3ed94fd1711b077,"[[0,0]]"
f_295ca17ad8674ef60eb1,"[[0,0]]"
f_d102e92b60656d0a0627,"[[0,0]]"
f_29bae9eeb77ba446448b,"[[0,0]]"
f_26532173230c4284d6c1,"[[0,0]]"
f_44b256154fc2df38026d,"[[0,0]]"
f_044cef4184bb3f46ac19,"[[0,0]]"
f_7d9247e3496b49f8a77f,"[[0,0]]"
f_cb41e279f0f66cd85158,"[[0,0]]"
f_b32454df5fcfbd9ac8b3,"[[0,0]]"
f_9213baf7719ebe749950,"[[0,0]]"
f_621dd2ac34fb82b01e64,"[[0,0]]"
f_56184d50a2fec61049de,"[[0,0]]"
f_53e6a80414810b56370d,"[[0,0]]"
f_9ab917d22139b4ebd040,"[[0,0]]"
f_9017aff2cd390aa35dff,"[[0,0]]"
f_76f6eeb9f899d3c7f80e,"[[0,0]]"
f_eeeb0db1982df1914b39,"[[0,0]]"
f_22dff806cda2bda5435c,"[[0,0]]"
f_045839d559b2ca6a693d,"[[0,0]]"
f_2679e4aaddba3ae12816,"[[0,0]]"
f_5d9b93afabf1e0ca7dac,"[[0,0]]"
f_cfcf28e776b624a4a0bb,"[[0,0]]"
f_69276f25da4b5fa7da4e,"[[0,0]]"
f_a81c9866d25811827c75,"[[0,0]]"
f_9c839a94a57c1b32fcc9,"[[0,0]]"
f_41d23d9ebc507f953eaf,"[[0,0]]"
f_cf453d0865776fd21ee9,"[[0,0]]"
f_f5cf59947e77d31f7cfc,"[[0,0]]"
f_6c61469afe96efd0c17f,"[[0,0]]"
f_b5f0f45bf848250e7916,"[[0,0]]"
f_5653239588c875a50b29,"[[0,0]]"
f_0713012da095e7867551,"[[0,0]]"
f_0fccfbd4d057b6d41c4c,"[[0,0]]"
f_f601b1167cc564fe0987,"[[0,0]]"
f_3bcb0bb1369158fcdfc1,"[[0,0]]"
f_8fbee9a8518fbebc4bed,"[[0,0]]"
f_2e3432d33914d3b7c4cf,"[[0,0]]"
f_f1a012de39184cca9aee,"[[0,0]]"
f_9836d213d368b3d4a1d0,"[[0,0]]"
f_48cfe82546a812ac1250,"[[0,0]]"
f_7e9fd80e628e66dbaf37,"[[0,0]]"
f_f68be91500bfbea3b72d,"[[0,0]]"
f_67dbc34b51bf78fce972,"[[0,0]]"
f_6ed5e10840f794f55207,"[[0,0]]"
f_525bb8cb801aa493be95,"[[0,0]]"
f_c8a145da65899b4a62ed,"[[0,0]]"
f_c0c963a4a6bfdaea4ed3,"[[0,0]]"
f_bca57dbbf2d95641780b,"[[0,0]]"
f_dfb0d59a2e9ffb848b82,"[[0,0]]"
f_f3f38c380bd453f2b7a1,"[[0,0]]"
f_eba8ae16767bc5578a57,"[[0,0]]"
f_b2ee1628665166ade386,"[[0,0]]"
f_d823b918869de769bcd7,"[[0,0]]"
f_67ea3889084303552f7b,"[[0,0]]"
f_41c4ba13cdc839599f1d,"[[0,0]]"
f_81e09089942e564ee3aa,"[[0,0]]"
f_875c2cff8cdac526fa36,"[[0,0]]"
f_65a87cfdff5800717673,"[[0,0]]"
f_b3f050c448db3e73104e,"[[0,0]]"
f_5f3187df29b77f6afabb,"[[0,0]]"
f_f0c521fa182a8931c835,"[[0,0]]"
f_bc17c3e41bc71a9f1f1d,"[[0,0]]"
f_45b3268de6357cf8ac5c,"[[0,0]]"
f_85577c78cda20d86a49c,"[[0,0]]"
f_e4ecfeeea35e7b1f822d,"[[0,0]]"
f_bc62e7795fe84e1cd7ca,"[[0,0]]"
f_9635cbefaafed87e0832,"[[0,0]]"
f_6199708357f1f015da14,"[[0,0]]"
f_03f7a16538be88224d1c,"[[0,0]]"
f_1fff2a11b462bf9a6245,"[[0,0]]"
f_cf010fe65f83d02f5294,"[[0,0]]"
f_03bb568c5944ec54f92c,"[[0,0]]"
f_10528c49a2cdb9d29547,"[[0,0]]"
f_2c418ccc81c101444c85,"[[0,0]]"
f_4faf8f87cb066111dfd2,"[[0,0]]"
f_ad80c1b3f71eb1266545,"[[0,0]]"
f_463c47bc0915483aa5a5,"[[0,0]]"
f_6d2087c50f83f85d3ddb,"[[0,0]]"
f_5735b0f6eb0ca2ea0204,"[[0,0]]"
f_d3a0cabd776abbd600fc,"[[0,0]]"
f_0eb074d1ca64e6009f43,"[[0,0]]"
f_5314642694a9734b0165,"[[0,0]]"
f_83b2bd85a035c1680ee3,"[[0,0]]"
f_efecbe4094b101b782ac,"[[0,0]]"
f_d518c47f6468c8c98fae,"[[0,0]]"
f_17b541d42628bbaa16d1,"[[0,0]]"
f_5d84203d78f81220501a,"[[0,0]]"
f_cf9ee4f2336dd5021c83,"[[0,0]]"
f_62ae99ee2df49b43f5fa,"[[0,0]]"
f_cd1446f9b61d127b92c4,"[[0,0]]"
f_05b4f6e398fdd7e38c17,"[[0,0]]"
f_c8c125ca0d91f1bef584,"[[0,0]]"
f_130d8ef9b2d50b28ac10,"[[0,0]]"
f_b66571a60849959c5243,"[[0,0]]"
f_99d956925e3cdaf28309,"[[0,0]]"
f_9d87a58279cea29a244f,"[[0,0]]"
f_a00b8d9b059bb0c0596a,"[[0,0]]"
f_f1aac67fa1178e495ba4,"[[0,0]]"
f_8fc4aad3d320f9cd0588,"[[0,0]]"
f_00f0e902b110c1a46bef,"[[0,0]]"
f_cb8d69b5939c676fbaf7,"[[0,0]]"
f_4f29c70f5ace429550eb,"[[0,0]]"
f_0387c2860393396cdbe6,"[[0,0]]"
f_617b44fc6240c2c5d335,"[[0,0]]"
f_8e8a62e0f0f3b6e3c38c,"[[0,0]]"
f_7a5df42b04e72bd7549f,"[[0,0]]"
f_a0c03d3a14c59c00ee11,"[[0,0]]"
f_c6a9dcaa802b2188a47a,"[[0,0]]"
f_6c1676bbbc897882751f,"[[0,0]]"
f_684c15465945c6723d62,"[[0,0]]"
f_6c043d58023b88e226a2,"[[0,0]]"
f_9b9e6aac81e99d553042,"[[0,0]]"
f_937a3c03239447396377,"[[0,0]]"
f_72548935fc4b4b914416,"[[0,0]]"
f_3dc063d1c50e80e2371d,"[[0,0]]"
f_57349bdbc0ad1cdd3f08,"[[0,0]]"
f_40085764ceb59634a7e0,"[[0,0]]"
f_eb839a3a4883b263814c,"[[0,0]]"
f_186ccfc57272129e20c2,"[[0,0]]"
f_e102edcdae2d7024341e,"[[0,0]]"
f_38a382335993bf487864,"[[0,0]]"
f_e91be1d19e4876afb4ae,"[[0,0]]"
f_fa5d124ad4910525f16d,"[[0,0]]"
f_f9e4de28b188e974582c,"[[0,0]]"
f_8ee1068c61c1e6c9e2bf,"[[0,0]]"
f_90172e5957b967ed8d45,"[[0,0]]"
f_7e15e4086bf139f57f3a,"[[0,0]]"
f_31ddb2a6cb11b478a56f,"[[0,0]]"
f_03f14c64a7f7100ec172,"[[0,0]]"
f_4fe1dfd592b19dafc6a9,"[[0,0]]"
f_afb5c481897de7cda464,"[[0,0]]"
f_1ff81e6e46b7311966a2,"[[0,0]]"
f_aa0a48784c57c49e3982,"[[0,0]]"
f_5ff3ed897740ae760aa1,"[[0,0]]"
f_ccf29ae4331412486f4c,"[[0,0]]"
f_59186dce2a2c9f9a4e6e,"[[0,0]]"
f_26a65b7cb09446b73ecb,"[[0,0]]"
f_b3dff72c75a1be0ae1db,"[[0,0]]"
f_da71af43c44afadce950,"[[0,0]]"
f_48e5169760895cc1cdad,"[[0,0]]"
f_5ea20e7d1a55269026c7,"[[0,0]]"
f_d550846def0783836cf0,"[[0,0]]"
f_e3e520c82c61e9a1384b,"[[0,0]]"
f_37c6b3300520b1c993cc,"[[0,0]]"
f_5dede422d08d102aa4b6,"[[0,0]]"
f_561a9dccaf0dd145348e,"[[0,0]]"
f_28dab35c0b93cc186027,"[[0,0]]"
f_bde1d6441fbea4fb5612,"[[0,0]]"
f_eab89c7bb1cbc9147d5a,"[[0,0]]"
f_af84c956f56bb1e02bee,"[[0,0]]"
f_b0d3b5661cd1d96750ea,"[[0,0]]"
f_a57e2324c1006f16132a,"[[0,0]]"
f_ad4ed307bd6b928ffa61,"[[0,0]]"
f_21eed665e05fb6f7a7c4,"[[0,0]]"
f_452349f6253cda1f890f,"[[0,0]]"
f_ef071dad02b1013cb888,"[[0,0]]"
f_25550d498eae930e1d00,"[[0,0]]"
f_68afe128e531374a8595,"[[0,0]]"
f_cf5e67bf8c86b40525a9,"[[0,0]]"
f_f70bfdff42001b688329,"[[0,0]]"
f_ca7f80046e1a6cc13125,"[[0,0]]"
f_9ad398472b8fb5e51238,"[[0,0]]"
f_8cb34e440db80486c2e8,"[[0,0]]"
f_2ff106a0f84c45768e67,"[[0,0]]"
f_3184e186de61def969bc,"[[0,0]]"
f_c6244733b1964e9c0888,"[[0,0]]"
f_0223d7f9aa44efe4fcb4,"[[0,0]]"
f_85b459ea07e4e733c3d8,"[[0,0]]"
f_4853d730c0c58beade82,"[[0,0]]"
f_aac9806be1cd0810fe12,"[[0,0]]"
f_238406c1e03a0c26f59d,"[[0,0]]"
f_581309554f4e25b01001,"[[0,0]]"
f_243d7b3a90f6c4101f04,"[[0,0]]"
f_32269d4df86e901dede8,"[[0,0]]"
f_a416849d73b21ed75b85,"[[0,0]]"
f_6e08ece537cbad121ce7,"[[0,0]]"
f_906eca63e53ae2ad521d,"[[0,0]]"
f_b60f1e78ab2341204d3a,"[[0,0]]"
f_eca85bf743f52feeea01,"[[0,0]]"
f_d7ac709d5bb5fa509aa3,"[[0,0]]"
f_3259bb929b8360b39cc7,"[[0,0]]"
f_4e5b25293a0924ab3ef1,"[[0,0]]"
f_7dc9a3fa11bdefcc3077,"[[0,0]]"
f_1cb8953ff94fba648b51,"[[0,0]]"
f_0a99a34bcd3df566d059,"[[0,0]]"
f_a778796faa91b303ba65,"[[0,0]]"
f_8aa6e91dfe952c9dbc44,"[[0,0]]"
f_ca73bd0de827f43ecf1d,"[[0,0]]"
f_3d439f53f807f5afa146,"[[0,0]]"
f_f9845a1d8abd0ed3d770,"[[0,0]]"
f_29593ec3a51993f241c8,"[[0,0]]"
f_c721d7954ba2d93e2719,"[[0,0]]"
f_6cfd794163abfc0f8129,"[[0,0]]"
f_b46ba1934cbda73c89bb,"[[0,0]]"
f_68021b8be4098361f614,"[[0,0]]"
f_401f446ba47bfbcaaf67,"[[0,0]]"
f_45d6a617a929c1d4a031,"[[0,0]]"
f_268111f05d04575aaecc,"[[0,0]]"
f_ec10113d8cdfaba607de,"[[0,0]]"
f_83498e560e08e4c09e18,"[[0,0]]"
f_c7e881ac90a184e62a3c,"[[0,0]]"
f_4200a43e0ba7cc22bf8f,"[[0,0]]"
f_26e6c64d4193a9dc126c,"[[0,0]]"
f_87489514932080db68ef,"[[0,0]]"
f_8839cf0c35f574cf7dd3,"[[0,0]]"
f_7e0e388fb8d0b4436879,"[[0,0]]"
f_11b5fc8d7e0358e58d1b,"[[0,0]]"
f_bc7bbddf0734fe5ebca0,"[[0,0]]"
f_1394c4e23c2737f663e7,"[[0,0]]"
f_6ddbbe6336ffd18de333,"[[0,0]]"
f_66811ccbfac88ba8708c,"[[0,0]]"
f_cc1cb7da1ab51e492ecf,"[[0,0]]"
f_44ec26fce1246b2c501d,"[[0,0]]"
f_5fb74134c770ec8081ae,"[[0,0]]"
f_dc67a9eeb138e7987f6f,"[[0,0]]"
f_90f9f8e5dbe122d712fb,"[[0,0]]"
f_84bd01235b04bd814e1a,"[[0,0]]"
f_20d9c0d441048aebab43,"[[0,0]]"
f_baa5213e2a8ea0f717cf,"[[0,0]]"
f_84ece8ba1451363c3d0a,"[[0,0]]"
f_e69eb9665aa344af9eff,"[[0,0]]"
f_00fb2c6126283e955876,"[[0,0]]"
f_f1639019a8f1e3f187d1,"[[0,0]]"
f_5c7367fe3c4c906b4a7b,"[[0,0]]"
f_5b3809a7550e5ce2ceee,"[[0,0]]"
f_8179206bc592b9380699,"[[0,0]]"
f_949d1f816e575ac31d19,"[[0,0]]"
f_78db9d07bd9d45315126,"[[0,0]]"
f_86b9b478cc69120bb67b,"[[0,0]]"
f_e823b1538e5d2937c76f,"[[0,0]]"
f_ab03084476d775d14072,"[[0,0]]"
f_f2e5f3e7b4af65ae4b28,"[[0,0]]"
f_fe9aa63808bb48e06bde,"[[0,0]]"
f_11a67bcbd8e9cc5193b7,"[[0,0]]"
f_cdbe7c162084ef6a70aa,"[[0,0]]"
f_ff4da9012d6df6a94d06,"[[0,0]]"
f_81f02c2409d069142ad5,"[[0,0]]"
f_2e62a7490875f0b6995d,"[[0,0]]"
f_58eedb2f3e06b54ddb45,"[[0,0]]"
f_ee3b1f18b2c138c9d2a5,"[[0,0]]"
f_35fe4dd49a1bd40ebe16,"[[0,0]]"
f_93e7aee67579d520e431,"[[0,0]]"
f_1cce854e80fb31761857,"[[0,0]]"
f_040973eb992c8d07fc42,"[[0,0]]"
f_1a57c8167f7a82a36ec5,"[[0,0]]"
f_879b73a95a61b62e3c08,"[[0,0]]"
f_7cea2f05d19a478993bd,"[[0,0]]"
f_be0fdca99385f6595137,"[[0,0]]"
f_1a80a639e575f37e6cfb,"[[0,0]]"
f_0ed0819d7dba85378956,"[[0,0]]"
f_9865ddc7d26cf8ccb8eb,"[[0,0]]"
f_b4f92fa9dda02bc40a16,"[[0,0]]"
f_69258e5d7904886597b2,"[[0,0]]"
f_6f5c7b3c51173377155e,"[[0,0]]"
f_8e0c780126705d12d6f5,"[[0,0]]"
f_8fc5142919acaf60c71a,"[[0,0]]"
f_06532cf5a81258131fb2,"[[0,0]]"
f_5c5a75c7658d3f6f0169,"[[0,0]]"
f_b2045fe2dbb438bade6e,"[[0,0]]"
f_3716a57b192f6eb0c3f2,"[[0,0]]"
f_b3150a9de004a949a5bd,"[[0,0]]"
f_cd6aea6b83e14747a2c6,"[[0,0]]"
f_adc1d6bf2aeaf494d305,"[[0,0]]"
f_77128defe185dba5cf84,"[[0,0]]"
f_96a774efecd325f3e1ed,"[[0,0]]"
f_558bd84eb3ad13ca19af,"[[0,0]]"
f_9a906551be033c618a18,"[[0,0]]"
f_95d872cfa31a6574b4b2,"[[0,0]]"
f_c01e81955c05a9c817cc,"[[0,0]]"
f_1bbc0d47f4afdcd63b9e,"[[0,0]]"
f_171a1796ddf07c9566b1,"[[0,0]]"
f_51a799e77a7ab0a50c33,"[[0,0]]"
f_b7cd9cf5c3c30465e25d,"[[0,0]]"
f_2d19efa16ea3b5a3c004,"[[0,0]]"
f_99b70ac55aacc867e5fc,"[[0,0]]"
f_8daaa096f0409494fafd,"[[0,0]]"
f_2e3196ea38c40f95a786,"[[0,0]]"
f_dfa7bfd020f1367aa6d0,"[[0,0]]"
f_5ede671d98ccaed76277,"[[0,0]]"
f_119eeef3a8799498a340,"[[0,0]]"
f_36607cb3ad5880f8e732,"[[0,0]]"
f_3ed85405b1906f4b54e8,"[[0,0]]"
f_d4d4b866099871735037,"[[0,0]]"
f_f1ddf86621d1cad6ad9f,"[[0,0]]"
f_316795bc4502cf3f386c,"[[0,0]]"
f_e88816c145d4036df5d0,"[[0,0]]"
f_a03c0013e3895db6b2b3,"[[0,0]]"
f_f2f9e4c59b606e783907,"[[0,0]]"
f_033cf2faef19e940a6d3,"[[0,0]]"
f_2461875fd59502080019,"[[0,0]]"
f_91a21e15d37d1a20e82d,"[[0,0]]"
f_edc753d259f332777e51,"[[0,0]]"
f_ce181b9e69bcf125b98b,"[[0,0]]"
f_3fa339fa6a88caf5ffde,"[[0,0]]"
f_626c78bd7df386bb8718,"[[0,0]]"
f_a564bd3756337f10b80b,"[[0,0]]"
f_c52060f15c959657d509,"[[0,0]]"
f_72c6efd7002348a6a191,"[[0,0]]"
f_788e847480aa983142de,"[[0,0]]"
f_5574e094f59cb1b69b57,"[[0,0]]"
f_d6bbad12ae673e370498,"[[0,0]]"
f_8c4fada408ebf9794f09,"[[0,0]]"
f_caddb551af3e036bb827,"[[0,0]]"
f_367a833eee9645121475,"[[0,0]]"
f_85c512fee35ea937bca1,"[[0,0]]"
f_90c60cfa6a471ae07395,"[[0,0]]"
f_785aab3b5ddc31289754,"[[0,0]]"
f_98e40c7cd0e795065e94,"[[0,0]]"
f_dcb7569fba16998ca4d7,"[[0,0]]"
f_5ea32655cac5398105e7,"[[0,0]]"
f_85ea7112b2d5ab9b58ca,"[[0,0]]"
f_e19a711af30a85a2d16e,"[[0,0]]"
f_7e23ecdd7f8fd4090fca,"[[0,0]]"
f_d5ff08680d2e5a8483aa,"[[0,0]]"
f_1a6c77d103b4f09bfd8c,"[[0,0]]"
f_2eada8e377bfad1a6c9a,"[[0,0]]"
f_54b81aa88bc6468d34fb,"[[0,0]]"
f_f2009ff8607d2d79cd4d,"[[0,0]]"
f_49f741e98d4e7296c86c,"[[0,0]]"
f_95b11231f1c2f99f03f8,"[[0,0]]"
f_caa856c2d56fdf149241,"[[0,0]]"
f_57b39ac45722fdefe028,"[[0,0]]"
f_d5f8a47d101e1d242c31,"[[0,0]]"
f_fc2c37cf122988299673,"[[0,0]]"
f_8b7c4b7b9a8088d44811,"[[0,0]]"
f_cc8caca3d1695d56e057,"[[0,0]]"
f_a976765aed85b93e721b,"[[0,0]]"
f_5a01d89719e14f1f0223,"[[0,0]]"
f_b1929c997207907e5c5e,"[[0,0]]"
f_efd4871108bba174a991,"[[0,0]]"
f_707b3952049bc045a172,"[[0,0]]"
f_cd60972a134eb5bf5a45,"[[0,0]]"
f_c34b7e14e127d8e8a25f,"[[0,0]]"
f_aef725d88d0376b4d07f,"[[0,0]]"
f_42408cb4dff96b056118,"[[0,0]]"
f_bf84c55beac67914d9bf,"[[0,0]]"
f_f00a36495beb32284e68,"[[0,0]]"
f_cac260216440be6100db,"[[0,0]]"
