id,prediction
comedy_003234c86c4cdee93d60,"[1,3,3,2,0,3]"
comedy_004e71301860c2199904,"[3,1,0,1,2,0]"
comedy_0063582118f7912f7baa,"[0,0,3,2,2,2]"
comedy_0094196d03a755bb524a,"[1,2,1,1,1,2]"
comedy_014b324755dd9de8a1b6,"[0,2,1,1,2,3]"
comedy_018470ba303fe8b028b6,"[1,1,2,0,0,1]"
comedy_023db900fd005d3e0327,"[0,2,3,3,1,0]"
comedy_04224363135335604d72,"[3,3,1,2,3,1]"
comedy_0447f1bc95c50cae92e0,"[2,0,0,3,1,0]"
comedy_04bac5cca0111fadf8db,"[1,3,2,1,2,3]"
comedy_04f1fbe3adb083d9a7e8,"[3,2,0,1,2,3]"
comedy_0605c2f8e394c7f1820d,"[1,3,1,1,0,1]"
comedy_0669fba246f72f31a2fe,"[3,3,2,2,1,3]"
comedy_06ea139f9c3f6751e772,"[3,3,0,3,1,2]"
comedy_07359ec008e7f6504df2,"[3,2,0,1,0,3]"
comedy_077283e0225b07a91f31,"[1,1,1,0,1,2]"
comedy_07c21e3e87e6448834fb,"[0,3,2,0,1,1]"
comedy_07e33554416ba45e4496,"[2,1,1,2,1,0]"
comedy_0937cae0f7f5cab34608,"[3,2,2,3,0,1]"
comedy_0a4d1886c654b56013c0,"[0,2,0,0,3,0]"
comedy_0a54a27e81ee82e60e0f,"[1,0,1,0,1,1]"
comedy_0a96fb2b678b56a36f94,"[0,3,3,2,0,0]"
comedy_0b680460a77f75c4cc45,"[2,0,3,1,0,2]"
comedy_0bd9c019e5bc581fdd93,"[0,2,2,3,2,0]"
comedy_0bdc1c6076d8ef00b8b5,"[3,2,0,1,1,3]"
comedy_0d23e7a3a1eea5fc3fc7,"[1,0,2,0,0,2]"
comedy_0d3544c8c9be1b779449,"[0,3,1,2,3,3]"
comedy_0d3c3aebd1ef952b3823,"[2,3,0,0,0,3]"
comedy_0de2f243a6c82f6e2690,"[0,2,2,2,2,1]"
comedy_0e7375b9f5ccf46e54cd,"[3,0,2,0,1,2]"
comedy_0f67d12317c86ca908bf,"[3,1,0,2,2,2]"
comedy_1021055d7f226e2bfb57,"[3,3,3,1,1,0]"
comedy_106974f15ade0cd85a1d,"[0,3,1,2,0,0]"
comedy_10ca732a1bcb5a22b020,"[0,0,2,3,1,0]"
comedy_135a04225667b9d1c688,"[3,1,2,0,3,0]"
comedy_13aadb95a064cc37c9ec,"[1,3,2,1,3,1]"
comedy_141173398b843543153c,"[2,2,0,0,3,3]"
comedy_14396be52348b17e86c9,"[2,3,3,2,0,1]"
comedy_15be0088a11f13cd6029,"[1,0,1,3,3,2]"
comedy_163a938ebae9924b6d19,"[0,2,0,2,2,2]"
comedy_17942a056751342cbca9,"[1,1,0,3,1,3]"
comedy_17bc1bb9354d40253b08,"[1,2,3,2,2,3]"
comedy_185c7a52370d1e912885,"[1,1,3,3,2,2]"
comedy_19548e9aa81945d93c9f,"[1,1,0,3,3,3]"
comedy_1a0b9c8b928838b8ab59,"[3,1,2,2,0,0]"
comedy_1a441b0844acdaa8ec91,"[2,1,1,2,1,3]"
comedy_1ba0f7b51f167c2d3cc2,"[2,1,2,0,3,1]"
comedy_1c7f8c30a9f4b048d027,"[3,2,3,3,3,2]"
comedy_1d9e2f7b84849bdde0e9,"[2,3,2,1,0,0]"
comedy_1e101e65cca95a76e2e0,"[1,0,1,3,1,3]"
comedy_1e1c3072872c155a5289,"[0,0,3,0,3,0]"
comedy_1e45321d8440a823db76,"[3,0,0,2,3,0]"
comedy_1e460e94088034f0520e,"[1,1,2,2,0,3]"
comedy_1f7261dab8acdddcb7d1,"[0,3,1,3,1,1]"
comedy_1f7c9e5a6c1e772fb704,"[0,0,3,0,3,1]"
comedy_1fbf0901f2f27b2c0eeb,"[3,0,0,2,1,3]"
comedy_216575613e8ac684aa3a,"[2,1,3,1,2,1]"
comedy_2171ecf58f5ddf33f538,"[1,1,1,3,0,3]"
comedy_218626cfcebbd66ca171,"[3,3,1,2,0,2]"
comedy_21fff2e46b1ceb42a707,"[2,2,0,1,2,2]"
comedy_22bd217dbd469f4231c5,"[2,3,2,1,2,3]"
comedy_22e7d8d54ef973032704,"[1,1,3,2,3,0]"
comedy_232598870ef0f07190f3,"[2,3,1,0,0,1]"
comedy_23287a2b798f118acde7,"[0,1,0,0,0,2]"
comedy_23b925396ee8cb00bf7b,"[1,1,2,0,2,2]"
comedy_2473fdc01fb380fecdc9,"[0,0,0,1,1,2]"
comedy_249663cfdb301ce3f68d,"[2,2,3,1,2,3]"
comedy_24e386365a579de0ac70,"[3,0,2,3,0,2]"
comedy_25c720265e65506b0bc7,"[2,2,3,2,0,0]"
comedy_25d91e63857d8e4c0c27,"[3,0,1,1,3,0]"
comedy_27c24cd777840d1d297b,"[3,2,0,0,1,3]"
comedy_282bfa84d6ec1c64c7d6,"[2,0,1,2,0,2]"
comedy_288af2e0b4d78eda76eb,"[3,2,3,1,3,2]"
comedy_28e12db5a553428d3155,"[2,2,3,0,0,3]"
comedy_291e0df5e0ae128b0a04,"[2,2,0,1,0,2]"
comedy_296453c121489e0ca576,"[0,1,3,3,2,2]"
comedy_2a3d4be4bf50405d5be5,"[3,3,2,2,1,3]"
comedy_2a5e1d3ee35401168609,"[0,1,2,3,3,1]"
comedy_2a7d7499854d6b4b3d88,"[1,3,0,2,0,1]"
comedy_2ad5a9d5705fd42eb1d2,"[2,2,0,2,0,3]"
comedy_2ae0b14787efe6b16fec,"[1,3,0,2,3,0]"
comedy_2af4975cec1b80864c70,"[2,3,1,0,2,3]"
comedy_2b74f5f66af5fc7d672b,"[2,0,2,0,2,1]"
comedy_2bfad795fdc556ab3818,"[0,1,1,3,0,2]"
comedy_2c46ab95e389550cc352,"[0,3,1,3,0,3]"
comedy_2cf67092ac2c356b1e5e,"[0,3,0,2,3,3]"
comedy_2e9a07a429e7e2fcd371,"[2,3,2,3,1,1]"
comedy_2ebee42f80c43002671f,"[3,1,3,0,1,2]"
comedy_2eeb54fe43319dfbe961,"[3,1,2,3,1,1]"
comedy_2f3b18785bdb7ec2415e,"[2,1,2,0,0,3]"
comedy_2f480642df094554ff2c,"[1,3,0,3,3,2]"
comedy_3005efe9445b7ad61ab0,"[1,1,3,2,1,2]"
comedy_324d12eac5a726b4a824,"[3,3,2,0,1,3]"
comedy_32b8a0240693ec850f99,"[3,3,0,0,3,3]"
comedy_32f82ef7da6a4119a921,"[2,2,3,0,1,1]"
comedy_3304a4b570c969cc7b2d,"[2,3,2,0,2,1]"
comedy_33159851ce5ed3d5eb01,"[1,3,0,2,1,1]"
comedy_333beb265fae0cb4761e,"[3,1,2,2,3,0]"
comedy_341f2e112efb442c203b,"[2,3,2,0,3,3]"
comedy_34649ade447c285f5acd,"[3,0,3,3,1,1]"
comedy_349083658c045a87d73e,"[2,3,0,1,3,1]"
comedy_350464fef533d148e7b6,"[3,0,0,2,1,0]"
comedy_37f23b685e0686d44916,"[2,1,2,0,3,2]"
comedy_38c6aeb0c3487140fc00,"[2,1,1,3,2,3]"
comedy_392f3cc5d23102bf6264,"[3,1,0,2,1,0]"
comedy_39664c08711087efcec7,"[0,0,1,3,3,1]"
comedy_3a9afa57d146274692dd,"[0,2,0,0,0,3]"
comedy_3ad16352fc20d2749b38,"[2,1,3,3,1,3]"
comedy_3c615c0148690f0b4cc8,"[0,0,2,2,0,3]"
comedy_3cd08a44829a3722465b,"[0,1,3,1,3,2]"
comedy_3de1cd201f114abe4864,"[0,2,3,3,1,3]"
comedy_3e40e38dce37d9e8e5f7,"[2,0,0,0,0,1]"
comedy_3ebcac448074aa7a7937,"[3,2,1,3,1,2]"
comedy_3ed48b31ee646e3802a9,"[3,3,1,0,1,3]"
comedy_40ef5ea68a8ed10f08f6,"[2,0,1,2,3,0]"
comedy_40f2f82686f6836cc542,"[1,3,3,3,2,3]"
comedy_41cf889223603952da1c,"[1,3,0,2,3,1]"
comedy_422f3f37619756f455a8,"[3,1,1,3,3,2]"
comedy_425df38841663557a5b2,"[0,0,0,3,2,3]"
comedy_42a77ee871f4c96d53c1,"[3,2,2,1,3,1]"
comedy_4313b48f0d7d4e865dec,"[0,3,0,2,3,0]"
comedy_437ff641b4283cc805b3,"[1,0,2,1,2,3]"
comedy_4398bd66c7d8bca5fb7a,"[1,1,1,1,0,3]"
comedy_43fb941c4e7307f6b5b2,"[2,2,2,1,3,3]"
comedy_44be0681184babd97fb5,"[1,2,0,0,1,2]"
comedy_4588441f69c9a6354ed3,"[0,3,1,0,2,0]"
comedy_45b8d311b69f5ec7d12f,"[1,2,2,0,0,3]"
comedy_45c02a68cd4c664619ee,"[3,3,2,2,0,1]"
comedy_45edc17d0adb8e435aac,"[1,1,0,2,3,2]"
comedy_46456d1358c5cb997e3a,"[2,3,1,2,1,0]"
comedy_47b9a0895b63edc455ff,"[1,3,3,3,0,2]"
comedy_48be4ac739a70325a128,"[1,3,0,1,2,2]"
comedy_49210f6278cc0a7c8a42,"[2,3,1,3,0,1]"
comedy_4a0e9b8b084856406fea,"[0,2,3,0,2,1]"
comedy_4a9f3f7c093ae5185dd7,"[0,2,0,3,0,0]"
comedy_4b97119bc42fd5c83a13,"[3,3,3,0,0,3]"
comedy_4be54b7cc18067e61c7c,"[3,2,3,1,2,0]"
comedy_4c2a0183c1a1439fd64d,"[0,2,3,1,2,1]"
comedy_4c5766242a3bc013de5e,"[1,2,0,0,1,1]"
comedy_4c5ede6fed283cdcdc23,"[1,3,3,0,0,2]"
comedy_4cdf61fe5309188278e7,"[2,2,3,3,3,0]"
comedy_4e8170c942eb080aae55,"[2,0,3,2,0,1]"
comedy_4f1b0ace5114227c65e9,"[1,3,0,2,1,1]"
comedy_4f3aefe48dc41a387c70,"[2,2,1,0,1,3]"
comedy_4fa13c17ff354a8afbfe,"[3,3,3,1,1,3]"
comedy_5061dd2d50a91bdda869,"[2,0,2,3,2,1]"
comedy_50ac73975152f0208308,"[0,3,3,3,2,2]"
comedy_51800484df605db11bcc,"[2,3,3,0,0,2]"
comedy_5197fb8418068421b769,"[2,2,1,0,1,0]"
comedy_51f5d2dbb6d12b227e90,"[0,2,1,1,2,1]"
comedy_5407c57a295efd378d72,"[1,0,0,1,0,1]"
comedy_545090e8536a3dfc7c50,"[1,2,3,2,3,2]"
comedy_54b8599c5b114db3ec7a,"[2,0,0,3,0,1]"
comedy_554763341f0c55fcaabe,"[3,1,3,0,2,3]"
comedy_567629675d8af3797da5,"[1,0,2,0,3,0]"
comedy_56961384be1c3cf2d9a4,"[0,2,0,1,2,0]"
comedy_572600de31fbfc0c0d7c,"[0,2,2,0,3,2]"
comedy_58c8c89ca26ac6432e1d,"[1,2,0,1,1,0]"
comedy_58f992566d6dc9c39388,"[1,3,1,0,3,3]"
comedy_59116808795d6ad0c9a4,"[1,1,3,1,2,2]"
comedy_5990561dea9783c6ccc1,"[0,1,1,3,3,2]"
comedy_5a1f50d33fe7d46b5741,"[1,2,3,2,2,1]"
comedy_5c0a3a9844d5863f02e8,"[0,0,0,3,1,1]"
comedy_5ca10d393a1475f3255c,"[1,3,2,3,3,1]"
comedy_5d2417a1b620959264e2,"[2,1,2,2,0,2]"
comedy_5d352b439eabe3a049fa,"[3,3,3,1,1,0]"
comedy_5d51a97bb32936f59d0d,"[1,1,3,2,2,2]"
comedy_5da31f7c06ac6fa2e81c,"[1,1,2,0,0,1]"
comedy_5dd31fc1ec73e3e1a05e,"[3,2,3,1,2,0]"
comedy_5e7074cd700a489b96ed,"[2,1,1,1,2,2]"
comedy_5e9b19e9a8896c93c0bb,"[2,3,1,1,1,0]"
comedy_5f2d4aebe02790d0f7ec,"[1,1,0,0,2,3]"
comedy_602754d1d95473a2e7bd,"[1,1,1,0,1,1]"
comedy_603bd4d08f8bbd883a4a,"[2,3,2,1,1,1]"
comedy_605e5beff96b449ceef0,"[0,0,0,2,3,2]"
comedy_627dc1d4960d7cd67e76,"[1,1,1,3,0,1]"
comedy_62b7a7fb800389c4f1ab,"[0,2,3,1,3,3]"
comedy_63f8be1391b1fd4def81,"[3,3,0,2,1,3]"
comedy_6697a7190c18110c664d,"[1,2,1,3,0,1]"
comedy_671c17de7d7dcca1cd0b,"[0,3,0,2,0,3]"
comedy_673ee2715e07c8831d50,"[0,0,2,1,1,3]"
comedy_68d2eccafa321236dfa8,"[2,0,3,1,1,2]"
comedy_68df07913d7ac3217866,"[2,3,2,0,0,0]"
comedy_691b5d329ef5e6a35d0c,"[3,0,2,3,1,0]"
comedy_6932d2490d51836b82ea,"[0,1,0,0,3,0]"
comedy_6c8133dd1cea99a999da,"[2,2,1,3,0,2]"
comedy_6cc39943a551aa05513a,"[3,2,1,3,2,0]"
comedy_6d0fafd6318dbddb810e,"[3,1,0,1,3,3]"
comedy_6d3f7b0923b188bde3a9,"[2,2,0,3,2,0]"
comedy_6d89892eada98ea000c8,"[2,2,1,2,3,3]"
comedy_6dbaceca18241c212a93,"[1,3,3,0,1,1]"
comedy_6deb174eaf20c331fb70,"[1,2,3,0,3,3]"
comedy_6f4e39793e6888d03858,"[3,3,0,2,3,3]"
comedy_70ac4ec2f6564d9a3add,"[3,3,0,3,0,0]"
comedy_7127d114f6d505921b21,"[2,1,0,2,2,0]"
comedy_71756b24e9b9a4657d0a,"[3,2,1,2,1,3]"
comedy_728ea2be30baa2be7868,"[2,1,2,3,2,1]"
comedy_72e74e3c1b6586bb4c08,"[0,0,3,0,3,2]"
comedy_737f692e31c6e3655cfd,"[3,3,2,0,0,3]"
comedy_739739cdd8737a6ce5cb,"[2,3,2,1,0,2]"
comedy_73da098f05e05cccea42,"[2,0,1,0,2,2]"
comedy_740641ccdd49f43bf61a,"[1,1,3,3,0,0]"
comedy_741d0c7af47ab6f2f9e5,"[2,1,0,2,0,2]"
comedy_7458b41c392593d86501,"[2,0,3,1,1,3]"
comedy_763b992d2d50f235587d,"[1,3,0,1,3,0]"
comedy_7675ebb902277cf3368a,"[0,3,2,3,2,1]"
comedy_76e9a72c595ff5a6943b,"[1,3,0,3,1,0]"
comedy_7729e55be6419b880f62,"[0,0,0,3,1,3]"
comedy_7761ee28c810850c7526,"[0,3,0,2,0,3]"
comedy_777b5c49db3824164327,"[0,1,0,1,3,2]"
comedy_778767a56478ea8265b6,"[1,0,1,0,1,3]"
comedy_7881a33ab3b7d651e78b,"[2,2,0,2,2,0]"
comedy_79a5ffcc0a0b9b8ac999,"[3,2,2,3,3,3]"
comedy_7a14adad4fa2af09189e,"[1,2,2,2,1,2]"
comedy_7a562018674acb38e143,"[0,3,0,2,0,0]"
comedy_7abb6bc0eb8b45d739a4,"[1,2,0,0,3,0]"
comedy_7c65296f42f1153d4bd3,"[3,2,1,0,3,0]"
comedy_7c7719c1a49fda2be880,"[3,1,2,1,3,1]"
comedy_7e46bbb5fd4742eae3e1,"[2,0,0,2,3,1]"
comedy_7e8b80c73c70e3a5b6b9,"[1,1,1,1,2,3]"
comedy_7f0ee851b6b62d95b216,"[0,3,1,2,0,0]"
comedy_7fece5f492a295be245a,"[2,2,1,3,3,2]"
comedy_803dbdc2bb0493e4413b,"[1,3,0,0,0,1]"
comedy_818ede2613b5ef26e254,"[1,1,0,1,0,2]"
comedy_8210946e0ff276c47a32,"[0,0,0,2,1,2]"
comedy_8261550aeea17c795a17,"[2,3,1,1,0,3]"
comedy_82bc0c1cfddb78b29805,"[2,0,3,3,2,2]"
comedy_833bfbf6153987e09513,"[1,2,0,2,3,2]"
comedy_847a6f3cd9a3c9ce25f1,"[0,1,2,0,0,0]"
comedy_84afb12102733fc5c126,"[3,1,3,0,2,0]"
comedy_84b56e27a55533dc3297,"[2,2,2,2,1,2]"
comedy_8536354fb15c26b22217,"[1,3,0,0,1,3]"
comedy_859c39620326f9884cb8,"[0,1,2,0,2,2]"
comedy_866e1aeb7a3da7efd4d7,"[2,1,1,2,0,2]"
comedy_87525fcae01415fb44bf,"[3,0,3,1,0,1]"
comedy_87654a0fcb90eee40f58,"[2,3,0,2,0,2]"
comedy_88949f09abb68a7bfd86,"[3,0,3,3,2,2]"
comedy_88ea35200f26d00d919c,"[3,0,3,1,1,0]"
comedy_8a5d5c7a9a7be84c5d01,"[3,3,3,1,1,3]"
comedy_8a7564613e14f64e7b64,"[0,0,1,0,1,0]"
comedy_8af3751c4f88ccbd6ad5,"[0,1,2,1,1,1]"
comedy_8b1aae82b1d060dfe4d7,"[2,0,1,2,1,0]"
comedy_8c021b9d8edc725bea0a,"[0,1,2,3,3,3]"
comedy_8c1660690ef24282f25c,"[3,2,1,1,1,1]"
comedy_8cec7ed95c5a9c1408c5,"[1,0,2,0,0,1]"
comedy_8cfdaf968f170f54abec,"[2,0,0,2,3,2]"
comedy_8d0d7ec8eec8656488a8,"[1,0,1,3,3,1]"
comedy_8d6d2985cc8abd56bb76,"[0,3,0,2,1,3]"
comedy_8d8e10a85535072672e9,"[3,2,1,3,1,2]"
comedy_8dceed830178634ef22a,"[2,0,1,3,2,2]"
comedy_8f46f47887b441584448,"[3,3,2,1,2,2]"
comedy_91ec95d73c284118da60,"[1,1,0,1,3,0]"
comedy_920a734cd0cc70ad4cd6,"[0,2,0,0,0,2]"
comedy_93aa581e784ff262d510,"[2,0,1,1,0,2]"
comedy_94dd576c53dd6ad68b63,"[1,0,2,1,1,3]"
comedy_94ee6fa236470b0eba05,"[2,2,3,3,2,3]"
comedy_95a2aa390b5b2f2ddd72,"[2,2,2,3,0,1]"
comedy_962a4927de85bce2b8b8,"[2,1,1,2,3,3]"
comedy_966704cb1109bafe20c3,"[3,1,2,0,3,3]"
comedy_9670b7c4df7b46b3a5c2,"[0,3,3,2,2,2]"
comedy_96e33319e57035b852f9,"[1,1,2,2,1,2]"
comedy_975001af94afb8891fc6,"[1,2,2,3,1,1]"
comedy_976444d438e0ae2c83ce,"[2,1,3,2,3,1]"
comedy_97a505fb788e1a0ca81c,"[3,3,0,1,2,0]"
comedy_98010bdf7ddc81943576,"[0,0,2,0,0,0]"
comedy_982acfebff9d4d5918dc,"[0,2,0,3,1,1]"
comedy_98342a44a004099ce7f6,"[2,2,3,0,3,2]"
comedy_9933a15610f5b872c51f,"[3,3,2,2,2,1]"
comedy_99f03fea13afb6b477a0,"[2,0,1,3,0,0]"
comedy_99f1108176368a47ea50,"[1,2,2,1,3,1]"
comedy_9b91ee8a23cdfed2b2b7,"[0,1,0,1,3,3]"
comedy_9d02781f92f178abc730,"[2,2,1,1,3,2]"
comedy_9def8dbaf3bb6f991406,"[1,1,1,3,0,1]"
comedy_9fb53dac5716f3a3b478,"[2,1,2,1,2,0]"
comedy_9fed5f0d63ef77fdce8e,"[3,3,2,0,0,1]"
comedy_a1375f35749756e0c71c,"[0,0,2,0,1,3]"
comedy_a22c4399b1431d20ca59,"[0,0,0,0,3,1]"
comedy_a35e1b7bd867f1c1e032,"[3,2,1,3,3,2]"
comedy_a37e7432776b3457fcd7,"[3,0,0,1,2,1]"
comedy_a3a436a962736b3966c4,"[0,0,3,3,1,0]"
comedy_a4374d191ce3e8e07243,"[2,2,3,3,2,1]"
comedy_a4f2e6c073c6eb6bfdfc,"[0,0,0,0,2,1]"
comedy_a565785c887efb8fdf6d,"[2,0,2,1,3,2]"
comedy_a61240684ad13c0d5fa5,"[2,0,1,1,3,0]"
comedy_a6ee68a2e0257e3a000e,"[3,1,3,0,3,0]"
comedy_a7098411f5aa8547a72e,"[0,2,3,0,2,0]"
comedy_a766829265b3d412b916,"[0,0,3,0,3,1]"
comedy_a7783ce56c7138dd7274,"[0,3,0,2,0,3]"
comedy_a83d99c4e8d8d4367825,"[0,1,0,3,0,0]"
comedy_a85cfc48a2080e475d91,"[2,2,2,3,3,3]"
comedy_a91b67bc2eebd23172a2,"[1,3,2,0,3,0]"
comedy_a96937cdfa6c34aa5d1a,"[1,2,3,1,1,0]"
comedy_a96a16251565f6f5ecaf,"[0,3,3,0,1,2]"
comedy_a9bb18b86bd9c7e80c33,"[3,1,3,2,3,0]"
comedy_aaa58160015d1120e2ec,"[3,3,1,2,1,2]"
comedy_aad4cb325ec25e813fbb,"[0,3,2,1,2,2]"
comedy_ac18c5ac4b96972b29e0,"[3,2,2,3,2,0]"
comedy_ac912a10c576fcf8673e,"[1,0,2,0,2,2]"
comedy_ad98ee4ce286e747a0a1,"[3,3,3,2,0,3]"
comedy_ae2d10da8316e9b1e354,"[1,0,0,2,0,1]"
comedy_aeeeed1250885ac0bacb,"[1,2,2,2,1,3]"
comedy_af120d7b098f290dd6dc,"[1,0,0,0,0,0]"
comedy_af8740c57aa8346f0db5,"[0,1,3,1,2,2]"
comedy_b15a2a97af3f4858ab43,"[1,3,0,3,2,3]"
comedy_b165b87638cd24abbc9c,"[0,2,2,0,0,2]"
comedy_b23e60ff81cf2f399ce1,"[2,3,3,1,2,0]"
comedy_b28378d344f3b6f73245,"[3,0,3,1,0,0]"
comedy_b287cc85f3e03b2f3000,"[2,0,3,3,0,0]"
comedy_b3041f551c47bf0ec951,"[3,2,3,1,0,2]"
comedy_b42e37525afc6abf8ef3,"[1,0,0,1,2,1]"
comedy_b4d3a849c58339130604,"[1,3,3,2,3,1]"
comedy_b502a13321727a3cc03c,"[1,1,1,3,2,1]"
comedy_b64577530be0b6f52b44,"[1,1,2,0,0,1]"
comedy_b648526d89856792ae28,"[3,2,0,3,0,0]"
comedy_b678897e26b5a5ffb1e9,"[1,1,2,1,1,0]"
comedy_b69406b650d329fb0d91,"[2,3,3,2,3,3]"
comedy_b6e252f0d7783b685503,"[0,2,2,1,3,3]"
comedy_b846aa750f63115bbc47,"[3,3,0,1,3,1]"
comedy_b904756ea60c7c1327bf,"[3,3,0,2,2,1]"
comedy_b90d82277a03e695ace5,"[3,0,3,2,2,1]"
comedy_ba1db4074e19f515ae37,"[3,0,2,3,1,3]"
comedy_bb33dde9e26907dbe5fa,"[3,1,0,2,2,0]"
comedy_bb4b9b28832ee8c34e75,"[3,1,0,2,1,0]"
comedy_bbca4c804704be3ba3dc,"[3,1,1,1,3,3]"
comedy_bd5fb546e2fb4f5d6be5,"[2,3,0,3,0,2]"
comedy_bde42ef4fdea6f884e6e,"[1,3,3,0,3,1]"
comedy_be041e772666d9ded7da,"[0,2,2,2,3,2]"
comedy_be5ed14e726777bdc0d8,"[2,1,1,3,2,0]"
comedy_be819d64b5aee337eeea,"[2,2,2,1,3,1]"
comedy_be9db6f0828315f2e70d,"[3,2,0,1,3,0]"
comedy_beb4788eea7d24d6bb15,"[2,1,3,0,0,3]"
comedy_bee851964b281f770610,"[3,2,0,2,0,0]"
comedy_bf0e2d2ceba1fe89984e,"[3,1,3,1,0,0]"
comedy_bf94b41d7ab9b326b322,"[2,0,3,1,1,2]"
comedy_c029f1ea177e07fa19e9,"[0,3,2,1,1,1]"
comedy_c1975c45111a2cbdeac3,"[0,0,3,2,3,3]"
comedy_c26d1e8677d181bf7778,"[2,3,3,0,1,0]"
comedy_c323cd424d5b6e6646a4,"[0,0,2,2,3,3]"
comedy_c3cb447a4f93d0a1b045,"[1,2,0,0,3,2]"
comedy_c4278ef1f96c06fd8b05,"[3,0,1,2,3,3]"
comedy_c48e74395d8a1d5f50fe,"[2,0,2,2,0,0]"
comedy_c5dd6368999816eef8cb,"[3,0,3,1,2,2]"
comedy_c6d7d381b2cf54240344,"[2,1,3,2,1,1]"
comedy_c7999aaaf7ac4c0eaebb,"[0,1,3,2,1,1]"
comedy_c7c2262fcb59ff0cd7dd,"[2,0,1,0,3,0]"
comedy_c8039dd0e4fda1dc37be,"[2,0,2,3,1,3]"
comedy_c95966698b96250074ba,"[0,1,3,0,3,0]"
comedy_caa94212b2c7d2557916,"[2,0,1,3,1,2]"
comedy_cab6d28f122603666b66,"[2,2,1,3,2,3]"
comedy_cbd9f3713d00ea4f43e6,"[2,2,1,2,1,0]"
comedy_cce55ecc90927e14aa60,"[2,0,2,0,2,2]"
comedy_ccffef5f5b0a20bdac52,"[3,2,1,0,2,2]"
comedy_cd1f0f554206f7e1988e,"[2,0,1,2,3,3]"
comedy_cf6bf7dd1bcd0282a194,"[0,0,0,0,2,1]"
comedy_cf994b5eda6795e908cb,"[2,3,3,2,2,0]"
comedy_cfd4a4b7bc3d9fc3d867,"[2,2,2,2,2,2]"
comedy_cffe44503a0f9249a5d6,"[0,2,2,0,1,3]"
comedy_d089a881acfd7c602e12,"[2,3,3,0,3,3]"
comedy_d1361f64de44192138bf,"[1,0,2,1,2,3]"
comedy_d25a909d0c2d9d9556e5,"[1,1,2,2,3,0]"
comedy_d3269546ce7f201eb199,"[2,3,2,1,3,0]"
comedy_d33e1bcc4056c3ab71d2,"[2,0,1,3,2,2]"
comedy_d3757e3a80f4fc119e7d,"[1,3,0,3,3,1]"
comedy_d3e47f173fafd8fd8616,"[2,0,1,0,1,3]"
comedy_d3f90096b9340c012e79,"[0,1,2,3,1,2]"
comedy_d483c3c84b59e3c88d61,"[2,1,1,1,0,2]"
comedy_d5336fe7178a0f6cccf2,"[0,3,2,2,0,1]"
comedy_d73c406f269d10ca6e5d,"[3,1,0,3,1,0]"
comedy_d7dbd839c18f8bcf5eb0,"[1,2,3,3,3,0]"
comedy_d849ae37f6ce36ad1e56,"[0,3,1,2,1,1]"
comedy_d8e35cf7ad2e994f141f,"[1,0,2,2,1,3]"
comedy_d9641129a98901be65e6,"[3,3,3,1,1,3]"
comedy_d9780c4a5af4919428f0,"[0,1,2,3,1,0]"
comedy_d9955f13562aa49f15ba,"[0,0,2,3,3,1]"
comedy_db2ab191feee81c467a0,"[2,0,2,0,0,2]"
comedy_db7556029111aaf555c7,"[2,1,3,3,2,0]"
comedy_dbf6d7380d336829c0cd,"[2,2,0,3,3,1]"
comedy_dc3edeeab3c732f12ba2,"[0,0,2,0,2,0]"
comedy_dc544b05cca25ed9c96c,"[2,1,2,0,1,3]"
comedy_de53f297cec8e78ad060,"[1,3,2,1,0,3]"
comedy_df318c1ee06c5e704388,"[2,1,1,1,3,2]"
comedy_dfb7fd225e84f1d6c20b,"[1,2,1,1,3,1]"
comedy_e0259087da64f337d339,"[1,3,0,3,1,2]"
comedy_e1fb90f1944724aed21d,"[0,3,3,2,2,0]"
comedy_e215fcb1c1101b7e07ed,"[3,0,1,0,0,2]"
comedy_e35e4585aa6f4ad30f0c,"[3,2,2,2,0,2]"
comedy_e39c007691eecdaebf54,"[0,2,1,1,0,0]"
comedy_e40aa86bfaf24725a466,"[0,1,2,1,2,0]"
comedy_e4c958948d8a44b9c523,"[1,0,2,3,0,3]"
comedy_e5722a55445ff7025727,"[1,1,2,2,3,3]"
comedy_e6c70526738bdab505ac,"[2,1,0,2,3,2]"
comedy_e87a5d475ba63a85bdf2,"[1,0,3,0,3,2]"
comedy_e8b9471fc02766e155e7,"[2,2,2,0,2,0]"
comedy_e9073e83df391edc7529,"[3,3,3,3,1,2]"
comedy_e9352029f08e7426b844,"[0,3,3,2,1,0]"
comedy_e9923eadbf61dd21c05f,"[1,2,1,3,0,1]"
comedy_e9f96a39fb84efea5565,"[0,2,1,3,0,0]"
comedy_eac4ce4eff9527db90e4,"[0,3,3,0,3,3]"
comedy_eae13115523ea9a1854a,"[0,1,1,0,1,3]"
comedy_eb3d0db4bb594d527c37,"[0,1,3,2,3,0]"
comedy_eb3e340f055559cfa532,"[1,1,2,2,0,2]"
comedy_ec99de48111532f7dbbd,"[2,2,0,1,1,2]"
comedy_ed264967da684ea274fe,"[2,3,0,0,1,0]"
comedy_eddf58e1084c90525da0,"[2,2,2,2,1,0]"
comedy_ee89efdd6183745b2155,"[0,1,3,0,1,3]"
comedy_ee998f8e9ef2a09fa3db,"[0,1,3,3,1,0]"
comedy_ee9ae5db086e2f472283,"[2,2,3,3,1,0]"
comedy_eed5d7e8239be8c07958,"[1,3,2,3,3,0]"
comedy_ef7b476e3352e76b6352,"[1,2,3,2,3,2]"
comedy_ef9107f57d98965e0595,"[2,1,3,0,2,2]"
comedy_efc07ec62fdbb8f863d2,"[3,3,1,1,3,3]"
comedy_f0689c5aeae0102b22a7,"[1,3,3,2,2,1]"
comedy_f11118eaeecc88da40fc,"[2,3,0,1,3,0]"
comedy_f18a438322ec761e1705,"[1,0,0,1,1,0]"
comedy_f1e42a2729a7514f82b5,"[2,2,3,3,3,1]"
comedy_f22b5da4938fbe75a71f,"[1,2,2,1,1,1]"
comedy_f2e9e632ba72236999a6,"[3,1,2,3,3,1]"
comedy_f3c3719b4b6227f580d2,"[1,0,3,3,2,3]"
comedy_f3dce0307b1c6b387f1f,"[0,0,3,1,1,2]"
comedy_f3e590570b39a886bfc0,"[3,1,1,2,1,0]"
comedy_f45005bff52e2dc07c05,"[3,3,3,2,3,0]"
comedy_f486356007d1bab51209,"[2,2,2,0,1,0]"
comedy_f4dc0b695d90324ec722,"[2,2,0,2,2,3]"
comedy_f5c0fbc5f798cef72e4e,"[2,2,0,1,3,1]"
comedy_f8309100084db1dd2e00,"[1,2,0,2,3,0]"
comedy_f84e0c5d21152a8a8b09,"[2,2,1,1,2,0]"
comedy_f8b831d91a1e65bdc3bd,"[2,2,1,0,1,3]"
comedy_f8da1222fdfccd390cc8,"[0,0,1,2,0,1]"
comedy_fbc435fe0877f54382cc,"[2,0,2,2,0,2]"
comedy_fbf2100d6f5560666e23,"[1,0,1,3,0,0]"
comedy_fc779f3db62bc3235782,"[2,2,1,2,2,0]"
comedy_fd4f29f8c0bad3a31a6d,"[3,3,1,2,1,2]"
comedy_fd9b2e92fd0a5a9ddea8,"[2,3,3,0,1,1]"
comedy_fdb7bddbaa9434ab9f55,"[1,0,1,3,2,0]"
comedy_fdbee20e4de68ae22297,"[3,3,0,3,3,0]"
comedy_ffc99be838bc3d57e747,"[1,0,0,1,0,1]"
comedy_ffef24a46b0bf783147f,"[1,2,3,3,1,3]"
