id,target
comedy_004248fb26ab97c2ef5a,0
comedy_006be465aeb789e10de0,6
comedy_007ed752ef7f33cc39cf,1
comedy_0096c93d16eb969a9f2c,1040
comedy_00a185e1514a2097c0fb,2112
comedy_00a57b9d2ac7da6bad6a,0
comedy_00ae20d70ec3ec380a50,272
comedy_00c0b3c1a34d55641705,4
comedy_00ea2af72431d5229b12,0
comedy_01266f3d77216b787861,16
comedy_0135d224144981128c67,1552
comedy_0150996b4118c269a765,16
comedy_0158032089a8abdacca5,0
comedy_0174390f460946fc8a03,0
comedy_01882146ea754d84c678,64
comedy_01c896dbf95190f5d6d8,84
comedy_01eb0b007fbccb2c9327,0
comedy_01fea503150a7573f21a,0
comedy_020b9856632d514a788e,5
comedy_02281dadee35b2c642d0,0
comedy_027ca40e2286c13199a5,1
comedy_02eadab8250158300ac4,1
comedy_030194bbc2d422c9c58f,640
comedy_0313f38eedfe17b50ca0,536
comedy_0318f85aa6e1d222bf67,0
comedy_032902038c4cfbf30179,0
comedy_03310efd0cd85683ec0f,0
comedy_034d5286e74a2b750275,0
comedy_03c60c9d41db5f2aaa3a,1024
comedy_03eeb100e36c1e3883f6,64
comedy_03ff42738985f02a2921,4033
comedy_0422df43dff10408c0d4,1
comedy_049152aa7dc694a8fa8c,324
comedy_049a564f9cd6ecfc81ec,0
comedy_04ca4900d9228ebdb4ed,388
comedy_0548e71801bc13d76d0e,0
comedy_05586c21b5a0b2e2f888,0
comedy_062d3721474970ef6a51,2554
comedy_062df35fb8f0c1943b6e,777
comedy_065c245eb8d3abb203e2,3081
comedy_069c6bd5dd6c317eb917,0
comedy_06f610988077e944330c,1297
comedy_06fc63bc9eef0c4d5d31,264
comedy_0738fc8b95ddf800dc60,5
comedy_078e93a04b040484fe0b,1
comedy_07adb0d4278601dd2613,576
comedy_07bf3a3937bfd12a87a3,1024
comedy_07d5d9f965b987e03562,257
comedy_07eabde37fc38c6f8540,3624
comedy_07f360bb9e086974acda,261
comedy_082f296d5e3df4d02a06,0
comedy_08569c0a200939b2bdb7,1825
comedy_0856c5e014a0d4c89896,1304
comedy_0862c6f9f4f63c13959f,0
comedy_08e2af5b92d7682f8f83,0
comedy_090ecd49cddde3003d09,8
comedy_093be781038b1e7ba2c5,2598
comedy_09573dc843367091b3e6,1
comedy_095deae835eed390d467,592
comedy_0968670a489beb84aa0c,4032
comedy_0969961559585ffeeab0,80
comedy_09f614fa2f406332787c,449
comedy_09faae61f57bbe863086,68
comedy_0a07bb8ed0d4bc5410ca,0
comedy_0a30deae4f8090d848c9,16
comedy_0a35feb9f0d9c67fbf43,2065
comedy_0aa1ad3af58f5d31496f,1054
comedy_0ab3f3e362af0f435d3e,2
comedy_0b4f37fefa703fe80129,0
comedy_0b569d4e9a363285965e,256
comedy_0b644e0a7b0008de7132,0
comedy_0b79f33fa65427caa5c8,1065
comedy_0b7faf2e9c34ad450bd3,0
comedy_0ba2b62f568b50cca194,960
comedy_0bdabfe393a8a5a7c3a8,2325
comedy_0be561524008f6dcb9fa,594
comedy_0c59a2a2a6df4491d6be,0
comedy_0c910b90eedf127ac52c,2368
comedy_0ca9b0a9f966c41b09a6,2320
comedy_0ce96b8922772d58e107,40
comedy_0cfa16765f25670ddd54,1024
comedy_0d3c4989a3ea2f5ad77e,259
comedy_0d4641c8c3f97141a181,0
comedy_0d46b1ce1a5a0351ec7d,16
comedy_0d50e87760fa21cfe113,16
comedy_0d6f98d4c9508eedbfb7,320
comedy_0d762bde15d3f3c717c6,0
comedy_0d831a33e98310c6f873,64
comedy_0d8843868ddba69d28b4,1152
comedy_0da322dc2f3aaa0e162e,0
comedy_0dd76adaecb6a0ddbc66,592
comedy_0df69b45467fdd0c46c1,34
comedy_0e028881ad11bb2f8134,0
comedy_0e185f9ced1f29660923,4
comedy_0e4c6181414ef8ee2f35,373
comedy_0e53d05a89760e417315,0
comedy_0e8359ebb5d13fffd75b,1344
comedy_0ec719e72cedeac302a4,0
comedy_0edab94c8d55a3958519,0
comedy_0eea601e0e59e39a98e9,8
comedy_0f030d6f780e4157b368,1280
comedy_0f33546fddbb879c44a2,3009
comedy_0f6c1dc333a9af41d0b9,261
comedy_0f7ad332a4dad8712aa9,0
comedy_0f9f83abf8a1df46cb25,1
comedy_0fa29cbcb616fb075389,66
comedy_0fae7e7b9b355d33c5ac,65
comedy_0fdac778f9e800ef8019,3166
comedy_10472b66ebdc00daba83,1509
comedy_10b3cb76b9e29296fb61,4
comedy_10b94ffd685ca29aa93a,2113
comedy_114b35a657dbd66de033,1763
comedy_115b400508c864ac0e18,328
comedy_116c3ebcfd3f7be17e59,1027
comedy_11832d079cc07d875e42,2729
comedy_11be8d2ba3fa54fb87ed,2634
comedy_11e13eb852e326d2015f,1284
comedy_1235f8244180e53e62d4,1632
comedy_125721f755e8c177d072,4036
comedy_12a593bc54e6077aab94,402
comedy_12d2a08b210dbe7a9667,0
comedy_12d979cfa08d88781e57,4
comedy_12ec3e61aad5c299101a,1092
comedy_12ecc75c0c57565238a7,2019
comedy_13033df4a58cc1c0ecd8,1300
comedy_131ddc2ba4dc7ab9bc99,4051
comedy_13674fa9577796278563,1
comedy_1371f42a5d47523e51f4,1
comedy_138300a71921f417fb9a,0
comedy_139410962b3c479d4ea9,1969
comedy_13b1ed02373942b99091,0
comedy_13c17455d932caf3e19b,1025
comedy_13c29bf20003315331e2,1296
comedy_13d485db1f7b8ed85762,2052
comedy_13f6774113fae40fd35c,262
comedy_14123637ad44f8fb6f39,0
comedy_14129f10b7d585f00c3c,16
comedy_143a14e3c3fb1e5ad315,422
comedy_144562a6b29bfc3a4748,4063
comedy_145d1fe65acb4df2c304,592
comedy_1463db99223fa5574b17,2661
comedy_147ec9acbab1d44f585c,1
comedy_147f4c0cca81321e708b,64
comedy_1482970f60c39935f3e9,1024
comedy_14b73f79059393d1d821,81
comedy_14c255970424f0a04dd9,1
comedy_15178a867b51821a3f08,1280
comedy_1535e687208a3c2e00ce,2052
comedy_1557b5e670b4beac6e35,350
comedy_15629e1ba5ee1d5911fc,0
comedy_1570df2dd587ca2a39e9,0
comedy_15aac54c81b1bffd7a6b,0
comedy_15b3c31ca9dd70aaf426,0
comedy_15df46dee584fdfc9e8f,3745
comedy_161384aec29db98eddbc,6
comedy_161533cb37a385cdd2e8,0
comedy_167d92b9e40f481ceae3,2368
comedy_1699ef46d4b10fd434f3,0
comedy_169cf8c2f8b377579b08,352
comedy_16b21d0c69a65e1ed8e8,2688
comedy_16cd1e72d49ce97e48b0,3904
comedy_16d13e118c05083e647f,276
comedy_16d9e037946b4a310c34,267
comedy_16e35e97aafe8270973c,64
comedy_16ee0791fdfd29debcbf,2528
comedy_17633fd82bf6a3fe2832,0
comedy_17692756000ac38be0af,256
comedy_177adaffbd5ec7532fe5,0
comedy_1785007927cd9936485d,0
comedy_178cb7aca6bdc8ebfa61,0
comedy_1790739657769f3ae10e,0
comedy_17ca2e09cbf4b9f65db4,1
comedy_17f18a8f6ef603f63a0d,1028
comedy_180c0108ee16dd7be89c,1024
comedy_180d85e4b88da7e90952,262
comedy_185f233220d1729eb8e0,584
comedy_189c52331ae2b650e46e,18
comedy_189df476795a70a12fbb,16
comedy_18a00c756cda8990a366,64
comedy_18a3de10320db7c04db2,3998
comedy_18f795a8f0ab2c22b271,1299
comedy_19211e7fa067bd996ca9,6
comedy_193c08933381158a2ac0,2894
comedy_193ef20803c36ee09a2c,1344
comedy_1949b5c1459a7260f79e,0
comedy_19762d91939016f78b34,16
comedy_19766ce9b56133ad9105,1088
comedy_198459e4d1a0ebbb5d02,4
comedy_198edf824aa27756688b,0
comedy_19bd810712ef5414cfda,1
comedy_1a58698083e37fc28185,64
comedy_1a76634660e9630bc902,0
comedy_1a8a42639ff61e716a21,1186
comedy_1a979b72c8d93afa1abd,286
comedy_1aad1c939d5d868ff5cc,4
comedy_1aeaebf121eea4ac78a8,0
comedy_1b14ee0b09364ed9b69b,0
comedy_1b5443b0b6099a93ed3e,320
comedy_1b5f23c96d4eedbe04a2,144
comedy_1b630c83697f0664ee04,1089
comedy_1b69a69750866b0b9d89,0
comedy_1b85ebb5234763d33f95,1045
comedy_1ba5e1d6dc72db1266f6,0
comedy_1bae426443bcfd314610,256
comedy_1bb5dabfcaf470ee0b21,29
comedy_1bd4af028045566150e1,288
comedy_1be0f7a8227f1eefd8fd,3356
comedy_1bf9c6dc5c42de246f6f,32
comedy_1c0f5fd61735d0b9c23f,0
comedy_1c2145ddfa630000a835,15
comedy_1c74242356acefe9788f,0
comedy_1c904a652f06b51da307,1041
comedy_1d1e481687487b78c01c,0
comedy_1d21627a3481e98c8537,0
comedy_1d25203d0e78805203eb,3824
comedy_1d275e085a447a0251a2,1544
comedy_1d37e5be1010667c2f64,1864
comedy_1d4305484bee4d541872,2049
comedy_1d487e4574e1cf16f52a,1024
comedy_1d64627f668a328c2a6b,0
comedy_1d6c2f7ea125d18c6ef3,149
comedy_1d7429c7db2cf66b3de2,0
comedy_1d79687a36f695a72760,0
comedy_1db0c069cd1b46bfd53c,256
comedy_1de4490f18c30c2e920c,1
comedy_1e116ccb263f919c8fa7,80
comedy_1e910737545a2c321d2e,64
comedy_1e99b6f110c45c53bfbb,324
comedy_1ebea3f566b7e662128d,4
comedy_1ed0b59e3c162e62818c,1024
comedy_1ed1aa6ee3fd6c0c5e98,0
comedy_1edadd9a76181a84452c,0
comedy_1ef76adeb7ec525d9ddc,256
comedy_1ef8add23cdb614b2f1c,0
comedy_1f199da57d03aaaad745,2564
comedy_1f292cc43fdb02ae7974,1024
comedy_1f3b1428624fbc02986d,0
comedy_1f4305f1e0fb06d0637b,4093
comedy_200f11975a5c88b454cd,0
comedy_204601de47e331b0c861,16
comedy_20464c9789fd75445b1b,1106
comedy_2066c3d12483ddeac1bb,3
comedy_2098acb49c712aa4a385,3831
comedy_20b5d3ba6633ea5e04d7,68
comedy_20ca1b4440cc473e29d2,3968
comedy_20e17079398ff30f376d,2304
comedy_20eb61cd6541755afff5,1940
comedy_20fc2a960c03bebd91df,1024
comedy_20fc54c46a0cf30fb75a,35
comedy_20fe1899a0cee636c0fa,1088
comedy_2112eea995104ca96b68,1024
comedy_211edb53a7c09d971d4f,256
comedy_21704062832d93f750a2,4043
comedy_21ad06d7b8231a4627ec,0
comedy_21f35f9e924fea602bed,2057
comedy_22898f67762369e36d36,256
comedy_22f2bee510e57b8b74cd,272
comedy_233fb5eafda08127b812,384
comedy_2350f8ad074ea70b6d91,4031
comedy_2382c13edf8d640fba8f,9
comedy_2384fd76362a651e7dfa,0
comedy_238b72b2e4594ee2507b,16
comedy_23bd26948587aa9490e8,0
comedy_23bd4cfe6f0f4f7e4c56,64
comedy_23bf6407483e95ca341c,0
comedy_23c3beefb1f3deb1f795,2003
comedy_240e5cc30a1b70fcc2e6,20
comedy_24609b35fd924fd5871c,0
comedy_2471aa5c23e49fbd530a,0
comedy_2495f9839176734530bc,64
comedy_249a1d96ef2be777ad56,257
comedy_24c40bf1fbd000729987,645
comedy_24d5d09b0109aa86033c,0
comedy_25113231ccf236c02bda,31
comedy_251b0ad62bb736a3c01b,834
comedy_254138ca98380e87f7e6,0
comedy_254f3a7a38ab0616161b,22
comedy_2590e9f3347317aeadb1,128
comedy_259411f2ec276435dcdb,1
comedy_25a45f8435eb7e86c56f,0
comedy_25c0f966efd593123ead,3991
comedy_25c87022420a9d0b7470,1024
comedy_260994695072667c5036,0
comedy_263d96cd57d6804da9dd,2064
comedy_2644a37e92d7785cfaf6,0
comedy_2647b4aba6ef3a9de236,0
comedy_264c0fac3f59ae3c81d0,1026
comedy_26593ac01f57aafb1ff4,3906
comedy_2677189eca3759d0f55f,4095
comedy_26a1939c9bdd28044966,194
comedy_26c521606621cd7551b4,0
comedy_26db30274d3da7d64263,257
comedy_26dd68045c61fa3dac28,257
comedy_26e66f891c3d62a36520,1024
comedy_270e24b656762d62acf1,1024
comedy_271ba0b45c9050872649,1344
comedy_275cc343390d9181613c,0
comedy_2787d770087eafa8667b,1
comedy_27923c90b2d15f6fa5cc,1874
comedy_27a03a7e5d50953f9016,0
comedy_27b7fb5a01b8b2863c53,36
comedy_27b889ff6bf916e0576a,0
comedy_27f8a003f373027ccfa5,0
comedy_2818195e8ec4a5c30ead,0
comedy_281d046c5c5e0a3ef948,0
comedy_281d84b03eee0850228a,145
comedy_2862569e2a4bbd60354a,196
comedy_288d60ad14983f087ec6,0
comedy_289ec36e85ca91fec430,260
comedy_28f388a808fd5c3b380e,0
comedy_28f882164692784108cb,2048
comedy_2910d96136913e0d694d,64
comedy_2921517bbd923c9a91da,0
comedy_292bf9f08200f2eddf59,0
comedy_295857c38b874e631ee8,0
comedy_2958d32400899e21aad2,4031
comedy_29b576083ff3065870ca,332
comedy_29c51ebcad238819a7c4,0
comedy_29c5e478b9d250c07991,0
comedy_29e6242ade3a5b1aa8d7,260
comedy_2a382e1081538e8701e0,64
comedy_2a4f2c50ede7eb3da744,2689
comedy_2a5453943ade7e1bbb0b,24
comedy_2a7090d51cb1f16fdbba,0
comedy_2a7675bbd37282db7dfe,4
comedy_2ab4d0f2caac27ad4a62,0
comedy_2ac84393b5e4479cc347,271
comedy_2b2e9257ebf52f86c30b,0
comedy_2b3342e362a9000f1856,473
comedy_2b9e72ea081abd34839b,24
comedy_2bc03169298e5e6e4a42,80
comedy_2bd077c7d37eafa39c91,0
comedy_2beee69b55bd63e5f1fc,0
comedy_2bf4e71b44dd08583614,1024
comedy_2c0189eaa1eb08dc8976,0
comedy_2c1b76f2ff21c8f2bb32,1057
comedy_2c35859b939af0c21f4c,1152
comedy_2c3c31ab6e368ffd6fa4,16
comedy_2c5af2e4e14a9b955a97,1024
comedy_2c63b2927eb350cc9319,16
comedy_2c8f3b75dff33134d0bd,0
comedy_2c9cbab7fd8738660238,1049
comedy_2caac9fb7a7bab8a847c,16
comedy_2cbf612cdfa4ced41fee,0
comedy_2cc20447906b8e08d248,0
comedy_2cd935e9cf350a0e7098,1088
comedy_2cdc9d7af00fe7c3b848,4048
comedy_2d09cf0887d2ae49675b,1056
comedy_2d39c50a6bfc3676362d,0
comedy_2d62413ec90514104822,16
comedy_2d6cbbb029a7511989d1,2128
comedy_2d9934112ced898cc5c7,0
comedy_2db46d253fce7a06bb40,1112
comedy_2dd7d321d610d456b3a8,1306
comedy_2e1a9604021de0164d52,1280
comedy_2e2a958fcf93e27bf6d7,1792
comedy_2e2b9488daa130b5e56d,17
comedy_2e368faa9b566b0e80e5,64
comedy_2e3a62c987099031e04a,4047
comedy_2e6ec91d3c9a9021d077,1112
comedy_2e74651af9d894599041,2049
comedy_2edaec2c243807bc355b,256
comedy_2f11cc1a11e46bb16c0f,0
comedy_2f3dcf3f5958ebe2ea93,1
comedy_2f48f3c5ffab5d6cefab,0
comedy_2f9d8a8f16264ad52b6d,0
comedy_2fa4d0753d236d9b39be,0
comedy_2fa57e54dadc877442c1,4
comedy_2feadad491b40f3db0bd,3563
comedy_3019d8b2d9ca8faff4d2,0
comedy_301f9ab357672d87b2b9,0
comedy_30234348ccd3a6d25bec,1024
comedy_305244b3c000a3737f02,532
comedy_308314cc6450044516ac,0
comedy_30c328d1cfba4e83eddb,0
comedy_30d45e7088ab56d358a4,0
comedy_30d6f6ad98eba476aad6,1120
comedy_30ef4ae479c1bc483a9e,0
comedy_30f8a501e83334382394,68
comedy_312edd75bff3e2d80156,0
comedy_31a6c362e437f1e58f61,1028
comedy_31d7e11e08f7c85e1176,0
comedy_31f25e9cbaad27fb8a9e,2064
comedy_31f446e57170391f6570,1795
comedy_31fe5324fabd99efd6c1,0
comedy_3204ba696a0e39fb90e9,3920
comedy_3215f5d5a02bdcdb315a,0
comedy_321eea42a62f6aba7a01,0
comedy_326fa0f584134ac95d06,1702
comedy_328aa1d9ad3fd9ad15d2,1092
comedy_328f3c85039519e7ed9f,1025
comedy_32b91631034f9975454f,512
comedy_32d4c5c9d860ebcb5db1,64
comedy_3309637738f3b82501c3,3994
comedy_3311c182f3cccce68b67,0
comedy_331beab249c2d24a2b17,1024
comedy_3360536db2fc5892ccad,0
comedy_336958653e58c2f53522,0
comedy_33a913253dd166df6b5b,16
comedy_33ad7bb311ae0f3c50aa,57
comedy_33d6e0b7ef221c02db38,16
comedy_33fe70accd874e2c63c0,610
comedy_345d274039875073991a,0
comedy_34648bac0ed9989bfacb,1376
comedy_347a27ea0ceec4f88c98,0
comedy_347e0a2454dc04d0f933,1040
comedy_3485fc61cf4095ae6bcc,0
comedy_34896ab18c8df40b87a9,738
comedy_349f8d99b6f57bdb1ca2,1156
comedy_34a509fb016e5a8e0c9a,1025
comedy_34b14b7677f9569d8d8e,3583
comedy_34c7ec451f01a42c5c21,0
comedy_34df7148faac96cd5419,1025
comedy_34fee643afec44d1e181,257
comedy_35349075633b996b9751,0
comedy_3569cc35739dc9156519,1634
comedy_356e7e8ad59d8f530a28,5
comedy_3570efdc8eaf3e31e3a0,0
comedy_35a20c080290375c5b74,10
comedy_35ac99b123c87d633ee7,64
comedy_35be5d9ca06c99041075,1
comedy_35e887976f4bba20b3cb,0
comedy_35f5012fa00a541be694,128
comedy_362b901c337b1e6d1685,0
comedy_3636fc7a3a92b7ef1b5f,1044
comedy_365969b1bbff09794506,1281
comedy_366a947d35c7072a0ff1,4
comedy_367f71fc927c486ed1f1,69
comedy_36836b421ae3d1e7e5ef,1536
comedy_368b1c30b54078440b42,272
comedy_369211580e0083a7c4ed,65
comedy_36a3b144dfb773506b43,2
comedy_36c4806cc6c83548cecc,0
comedy_36d115d0456e63a16623,0
comedy_3731c3a2e96a44305b74,1334
comedy_373fcdc2f5e6f792f0ec,1104
comedy_3751a337ab2f52052a8a,193
comedy_3760bda427bda1de964c,4010
comedy_3786f81c63adeb95c910,2386
comedy_379f8ca0221a70affa4f,1281
comedy_37b40311dd286a71e866,0
comedy_37cdd177ef2628eb33c3,1424
comedy_37fe85cf0f6b6e12fc2c,3840
comedy_382523695f789ec7836d,2769
comedy_382a2f512b99f6d42b06,2059
comedy_38a88d8286968482ec1e,0
comedy_38af938da9fe8d0a3aed,3062
comedy_38de44f0e7e7e2e8a394,80
comedy_38ea1006e47ac8519dcf,1544
comedy_39073da01d4c50b52cde,2114
comedy_3919f777406458108c64,3138
comedy_3929b4ebd5a05b6c39a7,1661
comedy_3952b4b38196cc7cb6e8,0
comedy_3958c12884728aef7a3e,4
comedy_395a257a1fa39be466dd,0
comedy_396425907b21dc2bb0bb,0
comedy_3969cd1b0fecbd39bb7a,3530
comedy_399a6250d9bc10ba1de2,2304
comedy_39c8605055f93b554b17,1328
comedy_39d38f508525d16e31e8,0
comedy_39f2cf2cde74e54f2fda,1408
comedy_3a1284f99ae10206d960,2
comedy_3a366be0efe028fe7235,0
comedy_3a4b13c5654aa8d1dd28,256
comedy_3a57fed330049fc47341,0
comedy_3a72cddc8fc417e0bb95,68
comedy_3a9d5aed96795b363d25,0
comedy_3aa40b0d7139695115bd,1362
comedy_3ad0421c50dfcb317266,1348
comedy_3ae8e35cf7c33c1bf083,3839
comedy_3b07ac4edca125c91512,0
comedy_3b0be0b57952ef63c9a8,16
comedy_3b32f8adf4a7d0667f14,0
comedy_3b763a1c623f53f1ee96,1013
comedy_3b82fe1de323b06ab478,1
comedy_3bcab2c60885feb3f3fc,4
comedy_3bfae561021c701620a4,1152
comedy_3c1b1f9f6e1d2b7199e0,135
comedy_3c4cd88cd17e155ea6b7,503
comedy_3c6ee67f7d7dc25517a5,48
comedy_3c7163ff7682dc8586f4,4
comedy_3c71d763f79db1eca289,1092
comedy_3c810001cba41b882efa,0
comedy_3c910777d1ff97a85f21,2
comedy_3cb1d13e4e659f14125f,1024
comedy_3cda0653a3d9442b7f3a,1024
comedy_3cdca3a331bf7d4a28df,1812
comedy_3cf6fe87f34601a95e43,1
comedy_3d0a9f15c452cb078b51,0
comedy_3d15688d7d06966cc55a,400
comedy_3d5497a99e7be7035168,768
comedy_3d740424f4f9e0fbaa85,28
comedy_3d772718e264fa4770bc,0
comedy_3d8d19a7c987b7d3b64a,17
comedy_3dc20017eedf4234d203,516
comedy_3dd37c415f0ae6da9524,0
comedy_3dd5064aead7bbd122a8,1025
comedy_3e07ac64e29a0fc1cb73,30
comedy_3e89c19531bbd3bc785b,80
comedy_3eaf94b924716fff30ec,8
comedy_3ebb5f43a437e2e4e66b,16
comedy_3ec1da26adc0fa75d9e8,8
comedy_3ef03498cdcc934b1d71,2048
comedy_3efad34eb85527040287,2853
comedy_3f0aa487b69dc9b47fbb,512
comedy_3f359a3c5fdfb42a4360,0
comedy_3f8290f9b2e4e7236b75,4095
comedy_3f85e83c2caeccb11c27,0
comedy_3fa1e900779a78c5d795,1064
comedy_3facb7962fd9b21e7dcb,20
comedy_3fd412e671fce2fe472e,1
comedy_40429430a3c2b3274a00,257
comedy_404f2bfbbc18a5820e9c,1
comedy_4074f614b4f031495c7d,2898
comedy_408a9da2a11ac1f3f5ce,1
comedy_409fa1482ccf66dcb98a,16
comedy_40addf3474ea86dfa06b,0
comedy_40c346337f50864b2d37,0
comedy_40c709d776094b988620,272
comedy_40c90d436757c4c36470,4
comedy_40cc01991b1f24dff922,1795
comedy_40e6001194ec2c37bee1,1281
comedy_410338e3a8dca637dbcf,17
comedy_41190583aa2ecfea33f8,0
comedy_41198850b126ca34efde,2791
comedy_4154b3933cbfb6b3e614,64
comedy_4164d163dfa6e6035014,1
comedy_416b2f33988ef8e6dd27,80
comedy_418350fe7c8c92f2201b,1
comedy_4186d7759bb26cf3a4ba,544
comedy_42d1195b237b2c52c279,1028
comedy_42eed8e0649078338d1e,1
comedy_42f6d1500e7ee3ac6494,2068
comedy_431315b35473f666e03a,256
comedy_431cf205bf6d146860d2,1045
comedy_433903bb829ea03a0cf7,1040
comedy_438a1770581587785bae,896
comedy_439ff0fd9ce60d0021c8,4
comedy_43d5f2d39c6f7632e827,0
comedy_44195564586da89c9d42,1791
comedy_44511f0d453fb517c38a,4
comedy_4458b695ee60ea9ee708,0
comedy_4469245ba4731a347fa5,0
comedy_447866a6f77711390683,0
comedy_4485c9e0a44083cb6e22,321
comedy_44cb04fb66e2f16a1438,1169
comedy_44d87870f461be11a160,65
comedy_44df47cd8ad7be86b4cb,120
comedy_44f5e31639352eda369f,0
comedy_45122f4e81683872bd53,0
comedy_452ad54164b7dc7d11f3,1963
comedy_453ccf2dd5b417ac2c10,1040
comedy_456f94ae9483a4fca7c5,2066
comedy_45a46c1335f094f7e0cf,1024
comedy_45bcc99183428d84ad0a,1024
comedy_463e2f1b3a68a1d6fa64,0
comedy_466cbc0d17f681d23cc4,67
comedy_46aa7801db4297bb7740,0
comedy_46fbe71708f71b972ca0,0
comedy_46fe0dec83059c92427c,3980
comedy_4703e96b2491a03a9965,3337
comedy_47160bad070870fe6c47,2421
comedy_471c29fac62bcd96913c,4
comedy_47398e33a1891c925b54,2052
comedy_4739e4c29d1f3733a3f8,41
comedy_478063a911e117636d7f,64
comedy_47a79e47a2023ad2820e,272
comedy_481d7131583efa8db103,2256
comedy_483477dca9e834081e5a,4095
comedy_485d93dcfa8fd2cd56ea,1152
comedy_486318e84721b8df546a,915
comedy_486a1c9f3b0c4c0a3241,0
comedy_488b5fe183faef7babc1,1
comedy_48989bb1779cad39052c,0
comedy_48a171bce5f1619d61be,553
comedy_48a680f0246e620a1206,13
comedy_48a8c5d31caebe820a61,0
comedy_48bd69e3804d1b8077fa,4
comedy_48cf5ff06169ba2ec75a,4
comedy_48f7797d543d9017ec80,4094
comedy_49133dea98032393454a,1024
comedy_491f129562a6b4d3eae9,2811
comedy_493353b369e91ac3620a,3645
comedy_4937d7f12b55a4c63a43,384
comedy_49c25524d88fca750715,1408
comedy_49f715c4df62f5c5f5f1,16
comedy_4a07172a9bb647ec6b45,35
comedy_4a3b1c697707262275dc,4
comedy_4aef52c13302e14fd741,0
comedy_4b160cf4b15cef1f3ddd,272
comedy_4b4c52c6cff4fd023bd5,3
comedy_4b4fb89d6dfed2873c3c,1312
comedy_4b5ecb78d35af383cb80,0
comedy_4b74159fdddde654ed38,1774
comedy_4bb273fd006b10acdf2f,1172
comedy_4bc494325e26bc8f5851,1028
comedy_4c24adb2498da357f6f9,768
comedy_4c2ec868b5ea8849fd04,0
comedy_4c3c8bdc37e78e693f67,0
comedy_4c3fe430b8ae3528d13d,67
comedy_4c41cdcc02b1b26ef1ee,3877
comedy_4c7e2f575c66dfe9718c,0
comedy_4c812e5307ea052dc834,0
comedy_4c8fbdd79b28387fe067,2944
comedy_4c949d66884af8237206,0
comedy_4cb9d1577dd9d2d26194,4
comedy_4cd472c90509fc96813a,64
comedy_4ce565470110d2225599,1024
comedy_4d06fb2c4129ccecea14,20
comedy_4d464423cc440abad667,256
comedy_4d4dcf9a86e5cdccf300,320
comedy_4d518db6cbc384941d6f,0
comedy_4deab7a6ae3463a2b77a,64
comedy_4dfcad447a207391bdd1,0
comedy_4e15b1c39bca328f8e95,0
comedy_4e371c70025128f74db0,1109
comedy_4e3a8a6e068c3507722a,1280
comedy_4e60dfc17450802b9f53,16
comedy_4e77e12f9633547ece72,344
comedy_4eac68ad9120e31df6af,2469
comedy_4ecd1dffae459704f258,0
comedy_4eec2a9981b458c7d66f,0
comedy_4efb5bc63cac70e5158d,5
comedy_4f149eb942fb5ac1a1d0,0
comedy_4f7294f42219b0cb1623,0
comedy_4f8148838b6fab910cbd,513
comedy_4fb96c267c3a9f3b2a1d,1378
comedy_4fcbf6ddb0416e00a0ca,1024
comedy_4fd65dcd1281f8845bff,0
comedy_508b37c6d583b2ecc7f1,3073
comedy_5099c8dcc6958682b6bf,0
comedy_50b1df575bba8fe8b64c,5
comedy_50e0058b85380d36ca54,1049
comedy_50e644c23deded3ffdc8,2204
comedy_50e94ca35c1c983e4089,4095
comedy_50fd426945e84f1a57a1,0
comedy_513343333ddd8178139b,0
comedy_5138bf26d71998cc0743,1029
comedy_5146bffc21ba17c759ee,0
comedy_51484cb9748cdc1f5158,0
comedy_515bb74fac37fa6bd36b,0
comedy_516c5c4eaa843cba1b02,4095
comedy_5175a06e4c51db00cabe,0
comedy_5183085a824533c481bd,0
comedy_518bbb3ba426e6b3c4dd,321
comedy_51d2efdd3936475381d2,1040
comedy_523331a7c468554de9b7,707
comedy_52b2e27acb139de0770c,0
comedy_52cb3311c462b1b5bad8,0
comedy_52ede701963286112ad3,2112
comedy_531cfba541c7cf5fe705,0
comedy_531df40926719ec10f15,0
comedy_5338d788cdc6ed7e442b,0
comedy_535950c3099188be1a64,1464
comedy_535bd13445fdad908a12,0
comedy_5395b9577b7a063e128e,3553
comedy_53adeda0b55ecf7eea22,1024
comedy_53c66f6302f2d8313667,1093
comedy_54103383e0411c655cfd,273
comedy_545363019817c5c4fb59,294
comedy_5470424d7d6f4e0b3ba7,645
comedy_548b760a0625462e6063,146
comedy_548f47965da972957463,1024
comedy_54a40c5fb456ba653f85,4
comedy_54e3235f6ed76cdb3cd0,1280
comedy_54f9bdcb4894fbf9f6df,0
comedy_552c5ecf44c8ed17cd45,288
comedy_554a350bfc259f6b8b77,32
comedy_5554fd406af0a103c832,0
comedy_55609eff66fbc1dc0df6,1024
comedy_55615a4c18703964baba,16
comedy_556c97bae3091055e579,82
comedy_55870d374a746362a8a0,16
comedy_55906c252ccce87c00a9,1382
comedy_559a94a7f221beb187fd,256
comedy_563dd8e44a2cf66406b0,1280
comedy_5654745bb9984125170a,64
comedy_56914561a2e1f41ebcd9,0
comedy_5702d718ddf1b3ee6806,0
comedy_5703a873ae2b903366e2,1024
comedy_571685685b36edfb4262,1
comedy_571a2d6d03d9069032ac,2824
comedy_571a89cc6df4e63f2a1d,2834
comedy_571b87f4fa697bf2ab4c,788
comedy_572eb5790723d126405a,0
comedy_57c093d72944f86aab3f,0
comedy_5852ce1c1d8cfeceb874,0
comedy_58737269527310bf16c5,649
comedy_58acc34159111a5f77e2,0
comedy_58e7f0d8ec66909d34dd,1
comedy_58fb39996a4ba1b4d352,1024
comedy_59172a7ae3d02f0385ad,328
comedy_593369b57324b9da00d4,2758
comedy_594715882de27665a325,4
comedy_595b0eea5080a5839eb5,4
comedy_596e4eaf4ecdb7536da0,516
comedy_599364c50da9f4a07e06,1345
comedy_59bed609c72983ea6cff,1780
comedy_59d71bcca33fa8e3bcd4,0
comedy_5a34e939cdc2460f4fb1,3840
comedy_5a3f59733477b04be935,2601
comedy_5a50dbec5f884ec5f069,256
comedy_5a5e8865e573288ff3b5,1024
comedy_5a67177afa150cf1f358,0
comedy_5a81d0b669d1ff193bf0,16
comedy_5aa7417ad00df7704466,1408
comedy_5ac8ca2f1e77446334ac,0
comedy_5add66dde559f0a53e70,0
comedy_5b08a6d7688eb04498f9,0
comedy_5b1a30cc6a2b51b2a176,0
comedy_5b35733476b2353608ac,0
comedy_5b75351d42259ff5893d,754
comedy_5bb13c843ffcf438c0ea,1088
comedy_5bb8f2eddf859004b9db,4080
comedy_5bc42d8a226b178c9ef0,38
comedy_5bd5e7fc40ee73883040,1857
comedy_5bd6514beec4eecc01b8,2
comedy_5be60a1a4394065426f2,3410
comedy_5c122c4e1839ccb22fce,0
comedy_5c22319c4601ea285ada,1024
comedy_5c35ba2581f6c0caa330,1060
comedy_5c61b9ccdedb53ea1a85,1161
comedy_5c70744e96d282357247,2377
comedy_5cc13f0e17839af8fff0,512
comedy_5cdf638d470bb6255895,1024
comedy_5ce0a406d7f2967aa0c4,0
comedy_5cf1ddc72e63988760f3,3794
comedy_5d3c545fbb3c60aaf9fd,48
comedy_5d46d00e7c9738d672a3,370
comedy_5d6f1eec629afeee35b3,2112
comedy_5db99b68c50ac7ec1372,1105
comedy_5de014be2213992e6639,257
comedy_5e00f8f85be960ae83a4,1056
comedy_5e08a4dcbf5d8f68316c,1024
comedy_5e444a89c9a41407931d,209
comedy_5ec30bfc989129bbd3bd,16
comedy_5ec60df3c7166a522c71,0
comedy_5eeb602b5777007755ec,1
comedy_5eec8e53580972f111c9,613
comedy_5efa163e489a106e1b72,80
comedy_5f1c043853f9c85f3dc6,1280
comedy_5f63a03898b4459f4285,148
comedy_5f839c118ba6d0491fe0,0
comedy_5f95d7a3588f136096a0,336
comedy_5f999a30f8df78fddfe2,64
comedy_5f9b1c4401b7f7717756,1
comedy_5fc630db147e947d150e,1299
comedy_5fc75b6f309d323affdb,320
comedy_5fd2a23c8bb48da5de58,0
comedy_5fd791d8c08d19a2ae5e,8
comedy_5fec66fcb9a8ccecb6a4,2852
comedy_5ff4c9ad0efe3f689f97,3968
comedy_6019ac848e69b8eca6ca,609
comedy_601fe8f8a9da06a7440d,196
comedy_602c20c03b87e023b1fd,0
comedy_604311cbf559ca9101ff,1088
comedy_60491c22222910ff9611,2201
comedy_604e6c14e0c83a361764,3520
comedy_605c4c205f7a81506b2d,0
comedy_60c5ee3e95f1e52bc08b,256
comedy_60cad065cbb78b6c85cc,1582
comedy_6108c5d956b1a5d8f8ed,4095
comedy_61098156c87795cbc6be,0
comedy_6110b7dbeac3931d15c1,2324
comedy_611419acc9d1448fc2b4,0
comedy_611fb53f81608a566f64,3263
comedy_616f2fdb9d5aff14fec1,256
comedy_6185bda048b30a65915b,0
comedy_6194738e06f1a3f76ecc,0
comedy_61a202acf98d8b836781,1
comedy_61b2f6e7200829a1da78,1056
comedy_61d0667d4e2478ff7492,5
comedy_61e190c05e5c89ca8a1b,0
comedy_61f3d4f676346483439a,0
comedy_61f45b2f4b158c382db0,0
comedy_61f9563e981c7fe7738a,0
comedy_62255fc2e95e7311cd00,1044
comedy_62526eb046900b3e3412,3263
comedy_626f6f410b21ca6477eb,133
comedy_627208f2d131708f0ee6,2048
comedy_62926405ee65975901ed,257
comedy_62d3fde169d024fc2411,1040
comedy_62d599dd114883591fcd,3141
comedy_62dfa4f5b4c31aad29f0,64
comedy_62e46f09b5ec05bbaec7,0
comedy_6303f29a5eb1accf7a46,3541
comedy_6310c87f442d7ffd77c0,0
comedy_6358448cbeff118d0017,3553
comedy_638cf2ce6868c2a2e8ba,16
comedy_6404df4f64d9afe384a1,256
comedy_642dc46749fa16c34b68,256
comedy_6433e16453eddfc757c0,3136
comedy_64625960e4bb76a85bf5,2097
comedy_647a72787a5fe97190ea,256
comedy_64a74b46082af8c89633,0
comedy_64f11e2263dbca9ab8e2,16
comedy_64f1d77db9f7ff9a67bb,1032
comedy_64fd1b0ff9639cac8c4a,4035
comedy_6530d1ca4ebe44ceb27b,1076
comedy_6574b28e8c133dc824d2,884
comedy_6590770fdab17c5a8295,0
comedy_65a5f7f9c30d2d11833a,0
comedy_65c06d1e754aaecd5deb,0
comedy_65e250c7cee6339b03ff,64
comedy_663bc2891073c858f075,0
comedy_6646be1e6313ec46a297,0
comedy_6646d44906c0defff3c5,1024
comedy_66b2b4e05e4c5b10619f,0
comedy_66d083e3f16da116c563,0
comedy_6703d939c566c9bfe43a,3057
comedy_67ab739cfd5214b81b28,0
comedy_67c68e2aedb1258ad697,1
comedy_681b7f23547b59a77fd3,0
comedy_683b57e4c8828d5f96c7,0
comedy_683f7bfe40637ca9fd7b,4095
comedy_68631721865d459adffe,1536
comedy_6875ed5d560936bcd442,0
comedy_687feef26eec39953483,387
comedy_6883943ec76fb931108a,1
comedy_68bb42a2c0bc3742e6eb,0
comedy_68f0863f7d03d7ae186f,197
comedy_68ff5c3a1c5e2e5320ef,2304
comedy_69044b355322ac310458,711
comedy_696af9229205eacd765c,68
comedy_6984c3d010e5fcc5d5c2,8
comedy_698a697c86006bffc773,4091
comedy_69b5b3634fba5c39de18,0
comedy_69c6f5c792a94ad4e627,2312
comedy_69d395bce83a4718f566,0
comedy_69e07fbe66a280e88e9f,2
comedy_69f5a5609b80120c14a4,2113
comedy_6a14ee63162329483549,2559
comedy_6a30732094406ec9533a,1
comedy_6a4c4672311caefc3bf3,1032
comedy_6a64047726cb3d169099,1088
comedy_6a79717e01ff3f9d5c9b,1361
comedy_6aa9433dae9536a85615,2304
comedy_6aaaad9b7dabc225e65b,978
comedy_6aecd7d5b7fd81872186,2332
comedy_6b02a3cd95b9de14aa5f,1427
comedy_6b121192e598456e9418,0
comedy_6b2d40e663671f14dccb,256
comedy_6bd75b978adbed6284f7,0
comedy_6c1c4cd5e65f647e5418,0
comedy_6c53ec299f0deb9a3967,64
comedy_6c5d48650be428bf676e,0
comedy_6c6231d7224fcc9d02b6,80
comedy_6c6ef28d93f30cdad8e8,2365
comedy_6caff0d1d75a6fbdb9ed,0
comedy_6cb14b236d1a959c94a1,1491
comedy_6cb533c3d8b977bd019b,0
comedy_6ce458adff88e078d7b2,0
comedy_6cedc06e049f16784e9f,356
comedy_6cf76a7179ea1dc6b0af,385
comedy_6cf83e65db65d8b46e75,0
comedy_6d6f09059233cadf16db,68
comedy_6da7301eaaff484fc8e4,586
comedy_6dab9881357d83f7eb52,0
comedy_6dbeb765de201e7f75ce,0
comedy_6e15924432d5d47e3089,0
comedy_6e3749eb354844453b15,64
comedy_6e675a1f55d78bb15ba4,1
comedy_6e67c0310f6d8ec12e4d,708
comedy_6e7b9b76085efdc65174,146
comedy_6e94e4a1ad6c45ded1e3,0
comedy_6eacf9e29ea6f177fbb9,114
comedy_6ec3f2e83aaf7e45f7f9,1089
comedy_6ed5d208d17750a4e7d1,0
comedy_6f1c4aa4df8ee5a047b2,324
comedy_6f6c0f8db20ac620783d,272
comedy_6fa50b8455b0d5a60c57,0
comedy_6fa8be20b216f8913028,1284
comedy_6fc60fb77596bedeb017,19
comedy_6fcf6325be193b8b5796,20
comedy_6fe21dd107267a07f107,1
comedy_6ff4a9dde7bd06757653,0
comedy_6ffbc8dd5c620b32ac96,80
comedy_7059671f9ac7dc66ea10,257
comedy_70f54b1a2b5ac19cf44a,4080
comedy_7141b943fb57ebac0a23,1399
comedy_714edbcb8ea39d61b235,1289
comedy_71532521747b1033c0f9,2
comedy_716bcbfdef47d5e1c376,0
comedy_717055e7bdf220586ee0,1128
comedy_7209a2e533eea7016d1d,128
comedy_7222e7b139bca9282518,1344
comedy_72420c2b991a287d7aa1,308
comedy_7252ac7ecbd092fbbeaa,3392
comedy_7277d426b0d0b2086608,64
comedy_728c5d1ecdf458fa4a63,0
comedy_72e0b951165d4093d079,65
comedy_73623377cbe2982ab57a,324
comedy_7372ed391b57f51354c8,2477
comedy_73b37325d5d4beca9f6b,2
comedy_73bf1b997b41176ace44,1
comedy_73bf2597df180601c183,64
comedy_740998492eacf8931f7c,2320
comedy_742ac58d707a0417f025,260
comedy_743ac1c6f68e4fc6344b,1943
comedy_744bdbe160d41ffbd253,4095
comedy_7483d127c3a4edfc8e92,1026
comedy_74c6470684f88a75afe0,0
comedy_74f8581efec381d1b212,37
comedy_74fbf36621317463c494,3778
comedy_750128e1feb02de07951,1316
comedy_7525910aef5264c46cca,0
comedy_7538c74327d9d278f010,0
comedy_7559493cf77ccb9ce4ff,1394
comedy_75708a589e9b0ba84b24,2944
comedy_757d14250b21f29055c5,64
comedy_7580eebda28be6cab51a,280
comedy_75a71a7040b124041148,4047
comedy_75cbbecff8dfac517139,1
comedy_75fd14a5c673ddb4f7ac,0
comedy_75fe159765c94d564eab,0
comedy_76460e33f19f271dac94,597
comedy_7669b8cf6dcc2303fe6f,48
comedy_766ea5377623c58a6423,484
comedy_7678f35f3e728897634c,3392
comedy_76989ce6b0cfcd4adc65,3931
comedy_76a7cc8a1c375171eca1,4095
comedy_76d1c7c72444be6fb08b,0
comedy_76e01c8f377bd4d25a17,256
comedy_76e14b585fe93a0a4315,768
comedy_771a19051d042d268010,16
comedy_77526b96303ab34578dd,16
comedy_776089e881fcdae9a444,1028
comedy_7779b02d3a129a517977,1193
comedy_7788a5c1040bcb6c228a,0
comedy_77c84cb59e71c1d4a8a2,1221
comedy_77d8487b9d765b7909a4,0
comedy_77fdb7a7a8efb8eb431e,4034
comedy_7814b2bb69dda564cc11,33
comedy_781827a8c4c141b408b4,0
comedy_78283e80917ce55a04aa,0
comedy_782d5ac093bf1863f001,2369
comedy_78405a983daaddd1e67b,4095
comedy_784b9164126c3d4379e2,1
comedy_7870aaf45dacf67e01d0,1280
comedy_78815f0133d0e5a9b645,1
comedy_788a1ae1905a01ec8c5c,2436
comedy_78b126c77d59d7e51b82,0
comedy_78b1dcbb1d195850b90f,0
comedy_78da8b34e7dcfdd7650d,0
comedy_78e56f06f21fac5191b5,644
comedy_7907046d5fc7bcbb4ab6,0
comedy_79ce3e6bbd50fe1f4475,336
comedy_79ddf6bc50e10a134559,0
comedy_79eb5928fe36597ff9f6,3335
comedy_79f44cbfb244a1ebc672,4
comedy_79f9a931cc61b7ed02a0,2564
comedy_7a0d569e71f055697082,19
comedy_7a73dd33cff2ea9ad4d0,1429
comedy_7a79c2f5a62a8fb5e061,1028
comedy_7a814ce4da1711265761,2868
comedy_7a9f103612df84304a71,20
comedy_7aac26f1ffe0c0fb7a85,0
comedy_7ab7a56a7b3e871f982e,1
comedy_7ac61deca0098d63deb8,340
comedy_7acfb5cc48e8ca767f10,258
comedy_7ae68a3f34b6a03b3134,1702
comedy_7af8c85f154df7a6459c,81
comedy_7b0532859c468efdd323,3074
comedy_7b2b97d55bb3ae3f0831,68
comedy_7b35060dc5446de7a424,4095
comedy_7b68a27f2b719d438503,40
comedy_7bab1d057d45ee1664dd,2051
comedy_7bb551983749f0e41f9d,272
comedy_7bc654f395d0169b5e10,16
comedy_7be9c9a48a26098bcafe,1
comedy_7c08cc557a68d4315ef4,96
comedy_7c288cf671f8c62e0a62,512
comedy_7caf4d59b992136a4683,1024
comedy_7cafd1405a08c5050763,324
comedy_7cd9e8e854dd476a0340,1617
comedy_7cda0c65d6cae3526071,0
comedy_7ce48c88888d6ae4ee03,338
comedy_7cf7f200a82a0608517f,1040
comedy_7cf87491dfc3e952b31a,144
comedy_7d073759eaf29ae063d7,160
comedy_7d60ade2b8e106c44ccf,64
comedy_7dcb0e7c7cdac6387737,3152
comedy_7de68ed8357a812759a2,35
comedy_7dec731d9fe3eb184694,4080
comedy_7e00e177544b796604d6,0
comedy_7e314ce10aa5d642165e,7
comedy_7e70e9723f824e5f9fd1,0
comedy_7e85d36a169fd9ce8f81,3044
comedy_7ec531068d33198d423f,0
comedy_7efab612543c052a3d47,0
comedy_7f0099263c9010d9c0d3,0
comedy_7f0192e28e5551f7fbca,4050
comedy_7f3c8961a07881ff5d14,0
comedy_7f62d0e9da7489b7a083,1024
comedy_7f64b9dea1a2fffae926,1312
comedy_7fc1e5c3befea45df1c7,4
comedy_800896c5e42185751c4e,1352
comedy_803638a073914b911cf5,5
comedy_803fe1008e655e9639a4,0
comedy_804031a91f71f1267c55,2309
comedy_80432aa864c2c4bb9cec,28
comedy_80520b6b089cbac961ed,132
comedy_806758ec84a0365bf38a,533
comedy_806e1a7b2ef0db8bfa62,383
comedy_80bc60633b0ca9c65db6,0
comedy_80c4180e19df27fd5c1d,3061
comedy_80edca8589f7e44aabe3,1030
comedy_81074ccf1fbe901e14fb,144
comedy_819020732351ab2f1a9f,1024
comedy_81f3e921eecd58ba4c9e,0
comedy_81fff0ab66da4598c3ff,0
comedy_820156cb4445041febb1,0
comedy_82041b766e496c7f84f2,3998
comedy_82097abdba5d0a28e93b,3075
comedy_824f787ddf7eba389a72,16
comedy_827507a3b94686e1e308,17
comedy_8291ba3e2ea659e2e8f8,0
comedy_829bd3e6d5a5aabf65d6,0
comedy_82b0bec29c717241b797,36
comedy_82b8c73d8dccb14ee7d3,1
comedy_830cc0e6de3c93076812,4
comedy_831d289d8a281b2ac1fa,1711
comedy_833cfca649f60533a5f6,4
comedy_83642c8d8f4d3cd7a45c,0
comedy_83b733d297f9ebd8abee,2
comedy_8409b24097155192ccb3,570
comedy_843899080c716c3965f3,1
comedy_844b659431a20c5de6da,0
comedy_845def831d2e490869e5,3078
comedy_8472a6e698daac6953db,0
comedy_8475650d630f30849325,320
comedy_847b6c379ad39243f7a8,80
comedy_84acc3cde37437685b0a,256
comedy_84ba761d3edf159eba74,65
comedy_84bbb4ee29ce5b1af5dc,16
comedy_8502f744e7eb7b2ee0b9,0
comedy_855087b69f085a502aad,1
comedy_8553fd9489d28807fa7b,256
comedy_8562d4d7fed779b372b8,0
comedy_856c53c0b4f9be88db0f,449
comedy_85861b6b5f1d085d987b,0
comedy_85b8992d731f8b330220,0
comedy_85c11c083dddefd30aa6,4
comedy_85c380be0b2ac525873e,16
comedy_861138c1fbf9b9f316b7,2816
comedy_864746a93ef0433dfc38,1024
comedy_867cb1386f04d11f30f3,16
comedy_869af17e0f08816a8aa0,0
comedy_86b1b7a61d1795a4614d,3904
comedy_86c942ff5b3bec166084,0
comedy_86e15a896348353d0c12,0
comedy_86eac8b6f28bbf67b266,16
comedy_870712092e6efac23483,1604
comedy_87531dacd03e9eb3b19b,0
comedy_87625e55cf8ee15a3384,5
comedy_87a8e5c32ed43790b0ec,20
comedy_87d505b302de5effeadd,320
comedy_87fa981218fb3d4d857e,0
comedy_881c425a96c9b7f45c2e,3460
comedy_8870ec92455c2d7b0bd8,1538
comedy_887241fa7c594c62ae49,1503
comedy_8896ddd262ee52b67a1b,512
comedy_8898427c2edc50304f93,1088
comedy_88c6ab0ae627e72d37e6,1765
comedy_88d416ac2f5dda0cf7c4,320
comedy_88d73f9fa4ed4b2d94ed,0
comedy_88f452dfd5759c09a543,3056
comedy_88f9bd71e6289b74e6ea,65
comedy_88ff62d3637b71f4aaf8,0
comedy_890cc44cd4c093de3958,0
comedy_8951371f4aa840e2cb0d,4095
comedy_897b77f733f682fe519e,2241
comedy_89a6b51561e8f81e7c08,0
comedy_89b3d734c6c0e91c237d,3071
comedy_89b47d14865df5adb905,0
comedy_89b6a549493da0929d34,85
comedy_89d77781b406c5fc2733,1624
comedy_8a3e47e1b06724e8cd57,4094
comedy_8a7e8552ce6fa56549d3,65
comedy_8a8d57a62a93582b40d5,0
comedy_8aa0811e3d795a642ca8,0
comedy_8ab8fa154a3112a96b2f,0
comedy_8b373d6ae43c6b0f419e,16
comedy_8b554eafa71b5dce28af,4
comedy_8b70cb0d0e9aadd6380c,0
comedy_8b8da1d7811f3d21f5bc,3857
comedy_8bdab64b6267c5584093,260
comedy_8c303f2184d0cb3a4bef,1059
comedy_8c4bc9620d9315f7462c,20
comedy_8c5ba36ff17e09329a9d,4095
comedy_8c60b731514a0dcb5652,0
comedy_8c656bee8c768b277108,0
comedy_8cae4dec933f700ef7aa,4031
comedy_8cc5aab0bf76eb52b043,2308
comedy_8cdf67ff250bb8f0ed0f,0
comedy_8d23bd814e2cbfda02c2,0
comedy_8d372a7ee85cf3087ee0,1
comedy_8d5a464c5764473a4a45,0
comedy_8d5ef9a6b72a15678de1,1300
comedy_8d6ec30d6c673a1de83e,1344
comedy_8d75ee1ecb2ef6a9facc,65
comedy_8ded6af0a84395e8cfff,0
comedy_8e061b1b3289d06b7450,0
comedy_8e4efa354955acc967ec,0
comedy_8e89d16785302ffff443,1092
comedy_8ea08f5f0ca54d728e2a,0
comedy_8ec242cc023b6c52b7e8,262
comedy_8ed4d0de697f903c5574,4
comedy_8f1820404709d01fc57c,0
comedy_8f1b5eb2f64ebea36dbb,0
comedy_8f1e86803c0b18c05957,0
comedy_8f55e794de2d26c1c04b,1
comedy_8f7bda27187f818419d3,128
comedy_8fc2f24f8c8e951661c8,105
comedy_8fd5f5bd5f6dd6900bcf,0
comedy_8fddd206fc3371a71405,1
comedy_900d05fb955e745e30dc,0
comedy_901d05a302c3f9c8bd1f,21
comedy_90216f2b99ce5f6dea30,2
comedy_902382c43803fb6a3390,3956
comedy_902f1c178b669742dc7a,1926
comedy_903f883017b6a135f608,16
comedy_904fa0d85bb87e7d964f,2833
comedy_90854f6b810ad4340af9,1024
comedy_90a3aa74fcd974f89dc5,1024
comedy_90f1b6e507e6436857ac,257
comedy_90f683c76ac01f85c467,0
comedy_914e31264ee09c194261,787
comedy_91685ac5cce9e7304851,256
comedy_91b2798a6dccc2441ca1,0
comedy_91b841e70ee8e1dc90c2,0
comedy_91cc2a6775cd49e6be0f,1088
comedy_91d1ae3a1c93f6d1aba8,2
comedy_91dbd5461a01cc725d29,80
comedy_91e252eb32b4a5378317,3812
comedy_91f65d5c63e1f7027453,64
comedy_9222b9838035a1451ffc,1088
comedy_923e50140490c4329511,68
comedy_923f2fc9f881eaec460f,340
comedy_92407c079e0c0138783f,0
comedy_924bf799fe2234ab0744,4095
comedy_92853a0a7ef5232533ed,1600
comedy_928fc57a4b32168cb3f7,4069
comedy_92b7b47bd1f54099f104,0
comedy_92ee0099e9d4c3a23b3f,64
comedy_92f7ad18e250b0965cff,64
comedy_934a6a326d8204e789f6,0
comedy_9359cb0480dd21b93278,3
comedy_93924a8b2f2921031422,3767
comedy_93a218782e2858235cb7,8
comedy_93b529bd32e96291c2c7,3039
comedy_93d39ec24ace26406b91,1
comedy_943068de90196beb24e6,4
comedy_9441b2a76ac13c3c2724,1024
comedy_94699ad504577d62c270,0
comedy_9493bbe0e42ad77ee01a,1024
comedy_949e2a551bfd7b6fcb38,516
comedy_94a653b3cb176aa837e5,4
comedy_94c0a1b85a4a68381be6,625
comedy_94c7a9a6426ac736788e,4095
comedy_95120d504b16a29eab7c,13
comedy_9518cfd117f5e8b63e0b,0
comedy_954e6fce2e598257ed2c,32
comedy_9573d28a72c1da06cd0d,1093
comedy_9582324d925ba4419e4e,0
comedy_958933ce01af75e4e69a,0
comedy_95ae4f0b0adb06e86a23,80
comedy_95ded98f882e54fd09eb,0
comedy_95e407b026eb9b18388c,0
comedy_95e597962b5963d7dc2f,512
comedy_95f94dfd34276344b663,113
comedy_95fe3474c2fcef3fa3d4,0
comedy_96042f6b632c4f1c34fa,1749
comedy_96070f9adac8a6ffde5a,2832
comedy_9625a3add136b5964afb,1124
comedy_963dc923639870802b15,2564
comedy_96482ff6ac505fd80646,274
comedy_9660240dbfbd8060fa4f,1348
comedy_9661a2e278c173edbc00,0
comedy_96650916c7e11b769223,25
comedy_9667a05c175b95784f19,1024
comedy_969d817a4f46a36d12ea,1281
comedy_969e721250aeb6762028,1460
comedy_96b20487772b79f729b6,0
comedy_96b3340fb8833776c5d4,3602
comedy_96d68dc151b1f495b2bb,1030
comedy_96d954a3653e93c24b9a,320
comedy_96dad86d14cf9ab7303b,0
comedy_9756648085b8eb7d2f7a,256
comedy_976aa676e2135c832716,0
comedy_976d84298312a2576773,0
comedy_9770aa5888f792c1fd95,564
comedy_979bc249bd728992f405,576
comedy_97d73e1b94716a0aff0d,1104
comedy_980abe2353a83b660c8f,4
comedy_98123b20dbd0a72ce2fa,1104
comedy_98133e2f8814cd8b27d5,81
comedy_982b3559f259957f4b5a,0
comedy_986c52354e047bc0908a,465
comedy_98835786c56cd75ca4fa,4095
comedy_98844bcaaef98974664d,0
comedy_9898c07f5660d0b120a5,365
comedy_989c4ca18500de0ca58f,3920
comedy_98c8d716287c1ad0da4e,160
comedy_98cf51bbf67637fc528b,0
comedy_98ff46a1370b90388c46,0
comedy_997b33ec071b23453246,4
comedy_99a4c07c82926d2cc533,1104
comedy_99e8fd63717ca9b30122,1345
comedy_99f01ec39971523a7aad,0
comedy_99f67d45cd0f4d35b6b3,2560
comedy_99fcdbdfc22d74a2bc03,136
comedy_99fff0d3627ca3e819e2,0
comedy_9a013eb110ff1bf761cb,1536
comedy_9a273e32f208346a3576,65
comedy_9a2aae728a12c893f3cd,128
comedy_9aad10983e0867a6f7c9,256
comedy_9af79b1d4710a089c1cd,1024
comedy_9b279199888cc11cbe26,3255
comedy_9b308eca15da8ed98ce2,3796
comedy_9b5580ad58bd79163778,1028
comedy_9b5f3d9f9342bcf90557,80
comedy_9b82189849fcae0a895a,2
comedy_9b89a224b993cf44a964,2011
comedy_9ba41e021900c2058d6d,0
comedy_9ba4319fbcaa1005fea6,16
comedy_9ba76be3870a170c17ce,1024
comedy_9c000c6c42bd5752d222,80
comedy_9c11ebaaa37e9a8e8a50,2515
comedy_9c187957ddb6bf034d40,0
comedy_9c4ebaa21fd89183c89d,0
comedy_9ca4ad834c00fe2a534f,851
comedy_9cbba96f2d77c27b2f65,1
comedy_9ce53ca73a5706ea5fad,2053
comedy_9d271a6a7a520d640039,1536
comedy_9d54bcbe9b63eadfd41c,321
comedy_9d613e446e07ac06ee47,1025
comedy_9d7e10d220e0d5a73442,16
comedy_9da21bb46f4f42fc1711,0
comedy_9dc46479109c9a460bb8,1028
comedy_9de8cf12159f64fdd623,0
comedy_9e03d68a9adf52a3b3e4,3567
comedy_9e1425849cc2f2082610,17
comedy_9e15bae1ce58d3576bc6,64
comedy_9e2706cb15fe05781bea,0
comedy_9e5dd6dc2368381b533f,5
comedy_9e68428814082ec5e22d,0
comedy_9e88b85efc6bfc3eb487,0
comedy_9e8a58c357b54e5a7d59,257
comedy_9ea18e500ce86a16a851,0
comedy_9ebee2f27bbc76dd289f,2112
comedy_9f088a001c0018e53036,96
comedy_9f1386fc5ec1e2a681d2,0
comedy_9f356cdd35481750cf77,1280
comedy_9f426a1aa903c45a575e,262
comedy_9f5446dd8aa149c015ba,5
comedy_9f7dc516a2a746a4eca7,0
comedy_9f8cd322ed7570efee32,1
comedy_9fa7c5f91d755d787664,1192
comedy_9fc126984e3048cfa66d,1088
comedy_9fc6002ccec462fa42e0,0
comedy_9fcb83c31af95c3fa423,4086
comedy_9fd0652589610d0df40c,0
comedy_9fdaf70fa46cfad85b46,1090
comedy_9fe41089de4ab2955d13,2817
comedy_9ff3b138cee7a6f2c113,1588
comedy_a03809d5ae982da4ff1c,1038
comedy_a043a3ba35d73c50a4ed,272
comedy_a057d6cc4650b52804ce,304
comedy_a06cf27120ac1d1805ff,3183
comedy_a07fe1227a302edc3d9d,19
comedy_a095290c0d4c390a76b4,4
comedy_a0997dd642003d694ae8,273
comedy_a0b20fe89795db5915db,0
comedy_a0c4c75dbfb5002ad635,272
comedy_a0d7112a5df7c0dd6db2,256
comedy_a0e91ce8e0cd4831787f,1344
comedy_a10217a6518b6bfbd79e,1093
comedy_a10462580e62145d1cde,1545
comedy_a136e76370d22e47f43f,3299
comedy_a1a289093631bab927cd,4
comedy_a1b6f7bafa1f0db22e0a,0
comedy_a1c079ea7e9f7c0c5842,1461
comedy_a1e64ff98dd2eb311c15,1024
comedy_a1e75a94dcf1734873fd,1
comedy_a1ec109098ee982a78c5,1028
comedy_a23ad47fae8a0d5dc635,260
comedy_a28d3d118b359a8e6501,1025
comedy_a2a57762b367096ec930,0
comedy_a2e5aa45c70e08cfcf34,64
comedy_a2ea690a50d23fcd5381,1029
comedy_a36c2a73a03b2d0329f7,2666
comedy_a372618bef35ca1aec87,0
comedy_a399973621fedaf9d46a,0
comedy_a3dbadacfa03f237a55f,0
comedy_a3fb14ef843148a4786d,1398
comedy_a441f695dd5fc9162387,64
comedy_a443927ed0c53dff0bad,3364
comedy_a44ed29f71503d25ac5b,0
comedy_a4508a5afca487990a04,0
comedy_a453775d399e6beaf14c,2047
comedy_a46057ee6679f81090e4,1
comedy_a48ae0639b046234ace5,0
comedy_a4b78ad1115686770868,1029
comedy_a4cfd52239ed4a8805a0,2946
comedy_a4d8e4d89dda74234f0d,0
comedy_a4db93a48feeb1bd27e8,256
comedy_a4ead166cc58eaba7394,4
comedy_a518172b3f099a174a14,1024
comedy_a539a6cb9c6ee27b5dbd,0
comedy_a53dc077f3ba6a3e0a35,2244
comedy_a5533e299b9bb3ba819b,1032
comedy_a55496d7641301c66940,2853
comedy_a559a62122f3648254cd,3220
comedy_a5bd2b77eea0a9e599b9,4
comedy_a5e7d0a6df852fdbbdc0,0
comedy_a5e946a57f619bbd3bb5,256
comedy_a5f384b54085e819971b,2
comedy_a605b35af452a8acf4b4,256
comedy_a60e5819251a2a24c625,0
comedy_a65501b0345f96ab470d,3012
comedy_a658bb76213a583c8f89,1280
comedy_a689b8ece8ea10d86d1a,3073
comedy_a6cb8337f1305912e793,0
comedy_a6ea79a24ba9b9c1874d,0
comedy_a7512e43c0e94984a67a,384
comedy_a75a8ce255ab0d47cdb6,1552
comedy_a76640c558dbabe21013,68
comedy_a7f3b7f23fa3e9f647b0,0
comedy_a81ecb1f24d82b470212,3120
comedy_a823454072de761605e4,3332
comedy_a8395952594cb21fe66d,358
comedy_a83b8ff20f4140cf4e29,0
comedy_a83daf5ba07db8407892,2976
comedy_a8468c156760525d5c73,1
comedy_a8520bfe9c6e84bbfce7,4095
comedy_a861a4bb3c15196f9912,0
comedy_a86d01fb38f057d1330d,256
comedy_a86f1cbb4986506284f7,1105
comedy_a87bd40e17c525073bd1,0
comedy_a87e57dde9ca1c2606d9,3922
comedy_a88c6e61892d09ffa2ce,4036
comedy_a896ebe078a24043c984,272
comedy_a93958221c07d39c8a2c,0
comedy_a95d9732a068dcd95100,2113
comedy_a9711e56b1451f168c0c,1512
comedy_a979245a485a41b1eb7f,1386
comedy_a99d3a9bb41a82ab3dae,263
comedy_a9d2c9750e3d1285cc1a,0
comedy_aa651b9aed0307bd12f7,1957
comedy_aaa53cf6d4c7fcba7b2e,1026
comedy_ab4a0ca6aa3c95395cf1,1115
comedy_ab5a09fc95d430d2157c,524
comedy_ab76da7ce1260f3fbc21,193
comedy_ab8be86f0ea0552bce11,0
comedy_abf963f9d545918a8bcf,256
comedy_ac0610d15ddbbf3b0318,0
comedy_ac5a8a4311c9e22472ee,0
comedy_ac8786201ab179d19648,333
comedy_acb21c1e8e3774342954,16
comedy_acb2946786b1dd023075,502
comedy_acf9b8966ae893551a36,4
comedy_ad030c1b5b1c65ccc779,1604
comedy_ad412d6ca791058e0656,80
comedy_ad4683724877765ee2db,0
comedy_ad4a44b9b4ae8ae715ff,17
comedy_ad57f1bacb8146f32f25,1377
comedy_ad5f34863a9eb517113e,20
comedy_ad7858e23300cadfe9e0,1
comedy_ad9254bd90ee22508ecb,33
comedy_adca870e79f84b26c5cb,1
comedy_adcdff70f4f9d6ac5c2c,0
comedy_adeeb487df511ae1dbe8,5
comedy_ae16a9fea20db710bcd0,0
comedy_ae323f19b41a14e553b5,512
comedy_ae785bb09fb4744334cd,1344
comedy_ae8120d9c618ac144799,64
comedy_ae913dc8f1d337506dcc,726
comedy_ae9434193360e86ea28d,0
comedy_aed5977fdb9dea6eb07a,0
comedy_aee968e5a0f1f4e2f694,0
comedy_aeec2c553fe9267b4a44,320
comedy_af16dfa7ae589d6cdc33,2239
comedy_af856d9c6a6caa15b2d0,4034
comedy_af96541680df3edb34b9,1123
comedy_afd5c0933ca76e1ae16f,17
comedy_b0200ea7214452cfa0f8,598
comedy_b02dd81ed680cb2af349,276
comedy_b03a04d1e7014777722b,80
comedy_b0797039d3a51baf1b79,64
comedy_b09adcd59d915380fcad,3711
comedy_b0b4d6c6b2f3aafaf943,0
comedy_b0bb5e25e52eacf1e69a,3379
comedy_b0e9f89521d94937ac51,832
comedy_b116a3de405b73566807,1
comedy_b1198829d4041b9840ee,65
comedy_b12c57dda5b01c0d673e,2769
comedy_b12d618139fe27130b94,69
comedy_b1337e55eb19a1867090,0
comedy_b14f2e1ab2e2ccaea5ec,0
comedy_b15c94063009500a92ac,486
comedy_b16e0c62853cebfd29a8,1044
comedy_b1705ba47180920eac5d,256
comedy_b179a4ca240a5530b431,324
comedy_b1a5e03d6a6b12e4b98a,0
comedy_b1b7170f6bb1b3906d89,0
comedy_b1ff4a8a6317fbc94abe,64
comedy_b202ce868a1c30bb5a98,1044
comedy_b219b9b6b0fc5349aec9,4015
comedy_b2213cb0ce26cba17fd1,3067
comedy_b28bb24ed963a70d3e05,1028
comedy_b29192cf96ea50b66247,1110
comedy_b2ab7a0c08ea670a7bd7,0
comedy_b2f7ad5a560401889650,1165
comedy_b3002a3d273fc8293c65,1096
comedy_b3124d1911206a9ec5cd,384
comedy_b34e373bf5268da1b72f,4095
comedy_b40f917794b8b1829720,0
comedy_b434f0093eb8bb975172,44
comedy_b43eafc37069e4f54c69,0
comedy_b43fd89944684de9e2e6,1160
comedy_b4602630834bfc4cd98f,0
comedy_b462733b1ce59f341a11,0
comedy_b4790bc8f08518f85949,1089
comedy_b48bc45f0cbfe91e08af,1105
comedy_b4c91e3788c9220156de,0
comedy_b4deda89aa1fcd38d318,0
comedy_b504693ca881cd4b2c3c,2401
comedy_b545c0f1207c338e3897,256
comedy_b54ca590f787413b95bb,1
comedy_b5627ed11a689c5c3e69,64
comedy_b562bc6e75fcb78177a7,0
comedy_b5660fd85a35d189555d,4064
comedy_b5db46822d4c7f8a2dce,0
comedy_b5f0844a548bbf86412c,512
comedy_b603435ed7d650bfa10d,0
comedy_b611183c7de3c08ea961,0
comedy_b611f9f8ae33e03f612b,0
comedy_b624c44d6fc7ee21bd9a,0
comedy_b62be14cfec5a88fd1da,951
comedy_b649f6d2821f2590c9a6,80
comedy_b65ae133a5747510081f,514
comedy_b68153dcaad95ab04e94,0
comedy_b6d640ed8bb6b0b9ee47,1032
comedy_b6e80f24ab6aafa0b1e3,256
comedy_b6e974300acd8cd6dc98,64
comedy_b6f99d8e4009110ee494,1089
comedy_b6fce458c9bcb17daae8,17
comedy_b756b45643c392815285,3803
comedy_b77bf80f739f4147cc60,0
comedy_b7aceaade8e048275d8f,1126
comedy_b7d8b8ae6c4fd12f28f5,64
comedy_b7f119b62502bc49bb94,1024
comedy_b7f62bea3611fdc284e0,0
comedy_b80b512d89a6ac98a4cc,0
comedy_b8565829761eca4b17e8,0
comedy_b861b2d7d1b41cfb6f36,4095
comedy_b8a0436c6afad2bc70ab,0
comedy_b8baf33d133122280ec5,4
comedy_b8cba78dfe8c7a89ae05,3348
comedy_b9048c6bc2beae33da1c,0
comedy_b949fe403e8e037eb978,0
comedy_b9507cfbd6b6689197d0,0
comedy_b970e49457ea1a1960aa,3364
comedy_b9b45a24d4be6576f54d,0
comedy_b9dfd9cca6a54b726b09,3924
comedy_b9fc48a07e5a4b178588,3029
comedy_ba333ea1e6bc16d3113a,257
comedy_ba35347f47d3d11f7552,1104
comedy_ba58500993fd962abf4d,4
comedy_ba82e45dcfd4e8de05fa,0
comedy_ba8abe45f4c9a71ae1ba,0
comedy_ba9ef2a554769b7bf508,0
comedy_bab940b70f0d7313ffb8,2439
comedy_bacf7fd5cd1d73c7fb4b,0
comedy_bad1cd8f0d8300d38bbf,1024
comedy_bad47e0cb05c7bfc1f66,0
comedy_bafb3c42bd907f11cabb,3998
comedy_bb0f7786455d3d986d48,1
comedy_bb14d6b8dd2708a5c5a4,2841
comedy_bb16a533cce7e54a18b1,393
comedy_bb5c52880535c61c559c,260
comedy_bb66e321e90c0d12fbdb,3259
comedy_bb848adc778caedf470f,0
comedy_bb8d208d167e5cda2832,1088
comedy_bbb6bee4183c8dfa076a,0
comedy_bbbc2822603b1646881f,0
comedy_bbd757c4dfc424af66a9,0
comedy_bbf34158a12b25b94bb6,1665
comedy_bbf65d5d8372373363e7,20
comedy_bbfa0a73e5b732170c0f,16
comedy_bc029c3a1b3af84eb8e0,272
comedy_bc14854033a20d488e60,3584
comedy_bc4ef910930a4e0393af,0
comedy_bc5f8f1411f8823377f0,4079
comedy_bc62bdd527990b51497d,68
comedy_bc6c961029e9523ed942,257
comedy_bc75930c6ca6e2b34052,3095
comedy_bc95aee3475b3ccb7be6,3668
comedy_bcad5f327f1b0729e953,614
comedy_bcb2cba8a6c680eef2c7,6
comedy_bcb90a30fa75d151c4ee,1121
comedy_bcf9c2681c6968b99074,1440
comedy_bd0294b5389f742773ec,256
comedy_bd1f868c22459b071a0f,545
comedy_bd21322267a4cbb2542c,1147
comedy_bd3b379d78d68f575fa1,80
comedy_bd6e712460ab30dfd0f9,20
comedy_bda9f9d8d2a06730c043,0
comedy_bde8841c6d48f8dbed9b,81
comedy_be149c527322e6b41545,0
comedy_be2672536048ff95f119,4095
comedy_be333362a50f141def68,2113
comedy_be3d31f39b9d1cd1049d,257
comedy_beaadfb4d3c61513826b,16
comedy_beb373119460cf86c86e,864
comedy_beb4ebc6f31e8d154f4d,2267
comedy_beb68cab76416dcec0e9,256
comedy_bedfcdc230f2a5fb3f39,3974
comedy_bef1ae1fc67ebc138c93,1424
comedy_bef5befce75395eecc92,8
comedy_bef88b7d415c7b9dc2cf,22
comedy_bf271fa8dd281add5ac9,2391
comedy_bf3ffd649fc9b407c98d,0
comedy_bf4fe55f12330049f882,16
comedy_bfb225f90b65d37d19ac,3974
comedy_bfd8e9af8fcf92a60729,0
comedy_bfde7ddc383779b5dbfb,1572
comedy_bfff6b2ce4a4363cfa3d,16
comedy_c051213877fd062c2ffc,256
comedy_c0591db2ffb1411773d0,262
comedy_c05f930afade7ab11af1,16
comedy_c0a660900eb3f28d0f04,0
comedy_c0e870da683a9c9b4b6e,1088
comedy_c0f5dc03cc3647346dbf,0
comedy_c103337abfcfdab8bbbe,2
comedy_c10c54f60f3d47ad2348,0
comedy_c11cab77c00fc92ddde3,2804
comedy_c122bba030b165583b70,1
comedy_c132bc6243722c27b54a,0
comedy_c151bbe0e0c36ffadd25,256
comedy_c1694b4f826e680b3351,80
comedy_c18b5e358f22f82aa292,1
comedy_c1ba49170f26339f93d7,64
comedy_c1d875e0c09bc63452e0,65
comedy_c1d9e5955b59fc946915,512
comedy_c1da13f6f0be88a1d174,344
comedy_c1e97f7aff5318a20b48,1273
comedy_c2471b99df3221215d15,1344
comedy_c2752d7638f4fd1e743a,2420
comedy_c2d910adf4415921b36a,1024
comedy_c35eeb8683b604713bde,448
comedy_c3670b2ae3f3d444b20a,4
comedy_c3a33a0c4dcb03723ca7,3852
comedy_c3a75c8e89df097f9dca,3
comedy_c3bfb23b6aad290115ef,4
comedy_c421a4f2cc722260b209,1429
comedy_c430ac56a25ccf08cec9,0
comedy_c4367928459cfcda4caa,4095
comedy_c490856cc4b9520b86a8,2146
comedy_c4a23224d1419b96b267,1040
comedy_c4dc420bed83c07d7762,64
comedy_c508b8ea4fc6033e9e41,0
comedy_c529eb71b6c7bb331375,0
comedy_c5355d75ff00f0cb4984,1312
comedy_c5714058694ece08004f,0
comedy_c5769a688b0ec31a03bf,466
comedy_c5814aff3801581742b3,512
comedy_c58871588cd8ef3479fe,0
comedy_c5b610b24a19fee395e8,0
comedy_c5bc8c535229e11b7178,80
comedy_c5d05f5c882caaae45fc,1024
comedy_c60089487b2e877ce2d3,1801
comedy_c60b47589056ae693acc,1108
comedy_c67af2d57a5caea6d76b,3489
comedy_c68239b0a78715bfd322,4
comedy_c685159cd652f99a443c,845
comedy_c699782d99172dd63f1c,1077
comedy_c6d974121cd0a54a7760,401
comedy_c6fd47d7717fccdf29c4,0
comedy_c74a61d1f90f2c16cf6e,0
comedy_c76cca591f48c199d961,3328
comedy_c7727a8e667b7d7b8f31,3955
comedy_c77679f2955ac7744904,1862
comedy_c7ba0564bb1e2e478323,0
comedy_c7cfcd66b07a6e0937e1,1985
comedy_c7df58aded58e22bc7df,1088
comedy_c7e67a9571e2b3b3edeb,512
comedy_c7e70187432fd18a30bb,0
comedy_c805ae3b45ce087b7efb,5
comedy_c86035e6262068e75194,0
comedy_c885ab6d563e363b77d7,1320
comedy_c8878bf90cbf9a9a0842,4
comedy_c89e64bbdaecaf60fc70,0
comedy_c8d67026fc071d90f62d,0
comedy_c8ffcd1551894e1f2d79,0
comedy_c9490f0a0f00ed3d5252,1
comedy_c953b27f947b86687ab2,577
comedy_c9640b34ee8d44fd3686,2413
comedy_c97681b43de758438ec9,4
comedy_c99a2e73db7f22d3cc9e,1744
comedy_c9cc84a3d39bb4284e54,145
comedy_c9e6b6272cef91fe68d8,64
comedy_c9e7ae3a865e05139a0d,4079
comedy_c9ebb2a4b9ad9116f484,80
comedy_c9f3ef5d15be0cf7efdc,1034
comedy_c9f7d0259d9eed36b693,0
comedy_ca0892fe29388a4720a9,352
comedy_ca0aa27dfaf7a0ae5600,257
comedy_ca3b8e5cca18734e36ec,1
comedy_ca590dfb1cb267e85734,0
comedy_ca5e042e2bbe30ac0155,2064
comedy_ca5f984603fe41890007,0
comedy_ca72cbdbb1ed192ebdb4,256
comedy_ca79c677e48eae802d27,1028
comedy_cac3eba795f5da537fb8,334
comedy_cac51e45ec49cb87867d,64
comedy_cac68911a308420fd71f,1088
comedy_cad1005227736d4d23c0,290
comedy_cb38b2721f5e9a9c7b93,1
comedy_cb41ecb3fc85ca2e1d99,1041
comedy_cb45973d59d4bf2e8ec3,1
comedy_cb776102c4f0032b4e60,95
comedy_cb8c1c0baaacce211f1b,0
comedy_cb9c9c820d32d5ad8c1e,64
comedy_cbcac1d3985c78bfae4b,0
comedy_cbd3a438479f8357aa25,2434
comedy_cbe013a2ab4c430b4524,64
comedy_cbe1be78ed3e57ff0f60,2048
comedy_cbeeac954605915b0ae1,1552
comedy_cc2ebea646bf3a50a93b,1029
comedy_cc37336188f97fe2caf1,1025
comedy_cca97c8e94df50c1324e,2113
comedy_ccab871f70d6ec7a3689,2
comedy_ccce6a65688c1ceaaaa2,0
comedy_ccd4cea1bdfd94575cc1,1633
comedy_ccf9f48e71adafc7c5ab,2312
comedy_cd09712fd51b9877d3d3,0
comedy_cd222dfb28074e52bce2,4084
comedy_cd2e44f58ea3827ef1ec,518
comedy_cd441256c8db3a50f713,3073
comedy_cd6f0bb33403bea34dea,3285
comedy_cdc07ba1a1a992ac3271,1
comedy_cdd2df0def17789bba62,16
comedy_ce02a2d9ba7516d35c76,19
comedy_ce276229dbef23e4f8f4,0
comedy_ce8c52cf363ffa14c2f5,0
comedy_cea30a940e043902bd48,1047
comedy_ceb8c34d86779a5112b9,1262
comedy_ced9310aae3300ec6bf3,256
comedy_cf5cb454c5e6db1c6e0c,0
comedy_cf6a7aa2b18af2029df6,2112
comedy_cf6d719e6561fa058af3,276
comedy_cf791be25f9890c85f3f,37
comedy_cf8c4d07479b98f92415,528
comedy_cf90909429bd6609dfaa,3745
comedy_cfb6b8b8c6d552c8f40c,2559
comedy_cfb9a1bf2aec54e7e769,0
comedy_cfce57bd380446f3c739,1024
comedy_d00c6b5836fe35a6392f,64
comedy_d00eac6304e3b1fd9bcc,2048
comedy_d044d251bb60cf2f4138,1474
comedy_d0579adba687b56eaee3,2527
comedy_d06132d07ee13d845509,1280
comedy_d06f9d790883d91b643e,2708
comedy_d070b24d0b469643d230,1
comedy_d08bea8d2c909cb2df7f,2104
comedy_d090fbfd73c867aee210,3
comedy_d0ce6cf54ab4e4fa0958,320
comedy_d0f7ed3e5b2f078a5f28,326
comedy_d0ff53ff096819222989,4063
comedy_d136effd02765543d47b,25
comedy_d15a839ff566f7cacf30,3408
comedy_d1883589d55133565e7e,0
comedy_d18be3525cdf4d4f7fd7,0
comedy_d1a95416c693f5d1109b,257
comedy_d1dadb8aee5eae45cd67,4047
comedy_d1e92a5e16bae4b011c6,1024
comedy_d23d3a4e03c7d3a6cd67,1
comedy_d24878e98abc24b17102,1973
comedy_d2a5712fc1e0bab8ba9d,1414
comedy_d2a5cc7abf94e0876cd3,256
comedy_d2b29f406b8e12950394,6
comedy_d2c7153a64716c5f2a04,64
comedy_d3436d2d52e6047ef66f,0
comedy_d343ce55b602461eb5f0,16
comedy_d34850b5fe1002b37d68,64
comedy_d35c7ba4be6a1b6f5073,65
comedy_d3ab53e682812e1a3f27,0
comedy_d3af77a3afff6545dc3a,1352
comedy_d3bf59db59c46ad2f5f6,0
comedy_d430f3844fdd412fa2d5,0
comedy_d44bfdac7d7cf8bd4fa1,13
comedy_d493982170d291e23d34,2544
comedy_d4e00d7374a121fb7b7e,4060
comedy_d51d9aa6cce68d0314b7,0
comedy_d54871ac9f81958ee9b2,512
comedy_d558573692113d28104a,5
comedy_d574d9d9830d9511b55c,0
comedy_d584551a830e127fb646,4062
comedy_d5ab9ee25ad70f1e2797,1024
comedy_d5b535c3df85c7609182,272
comedy_d5c43bd71a74150b4b0e,1024
comedy_d5f705a024404e8c8b4c,3329
comedy_d607c7bb9785bb53fd5a,0
comedy_d62dcb2a88e65dfab429,0
comedy_d63c1905345b53a12205,641
comedy_d659e0bb2b97547a7698,0
comedy_d68a101404b132a1c0bb,0
comedy_d6c90c53f1a1ca8f0cb3,1
comedy_d74ad6e5435a32d6e04d,1025
comedy_d76069657163d4e0b7e9,1040
comedy_d7a417060db704fbc34a,64
comedy_d7c27664205ff013a01d,1072
comedy_d7d636ec6cb4b8f23363,260
comedy_d7ff6072c495ec1fd645,1540
comedy_d80c10893cca95fb72b4,4095
comedy_d8738e82a8a1eb026d9b,1684
comedy_d8a6c1502fecf5d9d27f,1024
comedy_d8d4d5c991f2fd59515c,278
comedy_d8d6fd3f988741cbd80e,1024
comedy_d8d73bfa8dd2c483ca9c,97
comedy_d94d648ef19d928b4619,1284
comedy_d9738a6699adb092711c,4063
comedy_d9811c80d5c4df009bd8,3716
comedy_d99aeda2e7a6dbc0392b,325
comedy_d99ef4b4f0fc245de8f6,1088
comedy_d9b00819bb50c3220dc3,4047
comedy_d9cc2da5bd3615048b3a,4
comedy_da25aaae5cdf0eb43162,0
comedy_daaa99741708b60958b3,0
comedy_daad651c606637f94c20,16
comedy_dab5de6138ce468428e8,3106
comedy_dadba54197ec0dd320e4,17
comedy_db0279d5be96febe71ab,2985
comedy_db15a71e7f4df0a79249,1282
comedy_db52aa18d161039a43c6,0
comedy_db8f077702ccab06d138,26
comedy_db90ef7897c6bdf80f63,0
comedy_db95620d582c34de1d51,0
comedy_db9dc07960c208bec6d9,4045
comedy_dbbdf33a6d5fee4509d8,128
comedy_dbd6c08ca1d976b9fd68,0
comedy_dbe5fe8805b81da391ac,261
comedy_dca62feeab0b6440fa61,16
comedy_dcaa869e6e02cd863465,1
comedy_dcda7c4aec99173242e4,23
comedy_dce0092e7e0a2f99f936,965
comedy_dd57af658aff5511d691,3604
comedy_dd71791eb10a78b07476,87
comedy_dd8d073affc7e5e0d48a,1
comedy_ddb2f10fe2501ed65dff,1024
comedy_ddbae7d3d46617e1e651,64
comedy_ddc86fc1581e3c5136f5,272
comedy_dddc32e56641c5249bd9,0
comedy_dde32203fa1d405c29ed,272
comedy_ddebf2882f05bdb7f3cc,16
comedy_ddf0d7717dd2851b36f1,2958
comedy_ddf91d075f74376a1d50,5
comedy_de52e1ce6e3bbfcf3234,4095
comedy_deb537e1a9a85ca5e6d9,256
comedy_df03550b5d347d89b19f,119
comedy_df1f26b380ae219bf8bb,443
comedy_df236cb02412c32e945e,1024
comedy_df33ee21b298ff511dc0,2132
comedy_df492fcf21268b778c20,576
comedy_df49c57877a8f60fa340,0
comedy_df958f256ee83df254bc,0
comedy_df9915b288352a3f2215,2435
comedy_df9ee994e1365135cd6b,0
comedy_dfb9e2adaad23c8f89c5,1569
comedy_dfbf1e6a4714ec71efb6,2628
comedy_dfbf644270bee29524dc,0
comedy_dfe90d7e9eaf360477d7,20
comedy_dff1848d71f8a99029db,1123
comedy_e033165dac54d1292136,336
comedy_e08775e26e4e9261c176,0
comedy_e0c544bd822010df1d00,32
comedy_e0dc6503c79972386af0,2692
comedy_e0e1e46a67c4ea239560,0
comedy_e0f1d4846b0f9a97a53d,1
comedy_e10513060400dc11e2c1,3
comedy_e1167a9edab802200349,0
comedy_e139ae44a6ed26babcae,1024
comedy_e148587a0b545fb4e504,16
comedy_e15a512c89ae9f3dd0de,103
comedy_e18530ddccd9286a7d67,18
comedy_e1baebd99f7c0cd39688,0
comedy_e1bb3880a3ec33ac9651,1543
comedy_e1c8eec87dd7c1d63e97,1028
comedy_e1e4fe7b34edf502706f,0
comedy_e1f143de6fded0a0cf4f,86
comedy_e1f546c0a612e6666cca,0
comedy_e22585e1807bf77156ba,1
comedy_e262a186baafcdbca2ab,0
comedy_e2e0293572e8780197df,1691
comedy_e2eff11e70c4e45ecc1d,1345
comedy_e31c6a57b2ddccdee341,4095
comedy_e36f01f43e69ed3ce78c,2551
comedy_e38dfca2c6532b403fd2,1088
comedy_e3a31ddda1e79bae3d41,2309
comedy_e3b502dbf42dee1dd89e,81
comedy_e3d055ec34353f0201f3,256
comedy_e3eaeeb751daafa14694,256
comedy_e3f08f508ba6e2886145,0
comedy_e438fd91a51a8f46477c,0
comedy_e4707c05a3e29089f653,0
comedy_e4886be413cc04239b79,68
comedy_e4c0ca23e48902dc11bf,4091
comedy_e4c12d3122435fceaad2,1296
comedy_e4c9b16ed6dc7c9557a8,1057
comedy_e4e20aa076daf3d39be7,1280
comedy_e503d13ec56822aa663d,0
comedy_e51c637fc1fbeafa91ae,0
comedy_e52767be245bd75163c7,1360
comedy_e54a74045b9b53e2873e,947
comedy_e5729f464fb67eb48c02,520
comedy_e596a8f856795767ac26,1105
comedy_e599d5ce6042f25df454,3072
comedy_e5f7513518a2d74ed040,0
comedy_e6061ebf5e0c82b52839,128
comedy_e60a3b7ac8703b88603f,3929
comedy_e61a67794911dfb470c3,4
comedy_e66a6a7b43ca4200e696,7
comedy_e68df31277e4b6eb96fb,65
comedy_e69588f7f3c85b12e52c,0
comedy_e6c9268ab726b51edf6e,4
comedy_e6dc3557e088a189e7e0,1105
comedy_e6e8e917ec77b496c22a,1938
comedy_e6f5fc0a819432fab9d0,0
comedy_e7039e01300d3fbe454c,64
comedy_e7091bb3d2638cf6f066,1
comedy_e71fd3e09ff398c163a7,1024
comedy_e73751d57393b9be49e7,0
comedy_e740326449cf6ecdb294,256
comedy_e75781b6302e96a122e7,1988
comedy_e768ffe1a42fe51ba5fd,0
comedy_e7df7a23e66887c8bcd9,1028
comedy_e80008e2ddb7a10f4f2e,272
comedy_e8030f434c466dd3a3f0,26
comedy_e807408d134e04da5296,64
comedy_e81157205f508031076a,342
comedy_e83f56daa817e9ff5dfa,0
comedy_e889e3419aaa52dde47b,0
comedy_e8b8034c5b7f4f6785c2,528
comedy_e8c72a30506ca5faf7a6,64
comedy_e8de1f247db2402676d6,2293
comedy_e90808eb438895b9823c,64
comedy_e9174db7ba42f0946484,0
comedy_e95af409d5bf6a1d522e,5
comedy_e97eed89bbc71fbbd3c1,1556
comedy_e999778715550bb1a095,0
comedy_e9a1bf22cc7d60cb9dd9,1025
comedy_e9bb06da1d773a122d11,256
comedy_e9ded5e1b8211bd069c6,1115
comedy_e9e5f838955a7e2125e7,1024
comedy_e9fd5b3a86669ca8b328,1024
comedy_ea14961baf514d038bd3,0
comedy_ea18f1de53451c96db0f,2048
comedy_ea3f37663d837c0c765f,1024
comedy_ea85d99cb6abed888638,325
comedy_ea92ef22d27d0df8dced,1088
comedy_eaaf6acf0155387c3d3a,0
comedy_eac56d87403c3bbdd334,0
comedy_eb1493c37180fa0ee1f8,1024
comedy_eb1516d0ed2470347a29,260
comedy_eb661b5bb6b983e8c86b,256
comedy_eb6b41d25ddddd968f6f,0
comedy_eb8f76beb02caddfdf74,1
comedy_eb9e0930aa9c9bff4f65,0
comedy_ec0001813db7afbaef75,4035
comedy_ec214d7c8f57d50724e7,1153
comedy_ec23ecc48bacda2a19b8,3077
comedy_ec34fa6b86f12b3d4c6d,408
comedy_ec5cf288270fe311fe8c,1793
comedy_ec76e7ffc8addd95e1c8,12
comedy_ec95bb54b1a63fcc489c,0
comedy_ecaf3d56424f72c9a41e,576
comedy_ecb23a965ca7143ed561,3996
comedy_ecb7966c9df44523fb1c,64
comedy_ecc73932d05912fc8d1a,0
comedy_ed5382c5bc93bf32af40,1097
comedy_ed58e7424f58daa4fcc3,64
comedy_ed655f6b4e91bc46daa3,1316
comedy_ed6b0d2948054a2ef80a,1088
comedy_ed6cb9b37c69e8737245,20
comedy_ed78b28cff2469ea2672,2064
comedy_ed94b03700e3ad8c5e14,64
comedy_ee2dfba6fd456fcd8ea7,4084
comedy_ee48b2310de59a96fad8,524
comedy_ee9dc453768f93976637,66
comedy_ee9ff491345af0df42dd,3818
comedy_ef423e0d908c9c9fc153,0
comedy_ef83304061f8df6601dc,257
comedy_ef86153e2d1a46a86d47,1748
comedy_efa72c346263f3a0c7b5,0
comedy_efab796c75875578ee85,64
comedy_f00322d931600ca4cc9d,256
comedy_f02bf4eb8e7dcd90373c,0
comedy_f036a9bd0f0073a9b311,4
comedy_f0e3bbfce825adddf2c7,0
comedy_f0f57c4288c5f807c12d,4094
comedy_f12280b493d3a5fcd504,264
comedy_f1246c525981b687784b,4
comedy_f145035984e87c0cd389,145
comedy_f14a35ca09143c61ab09,3839
comedy_f231c1fdad75e1145f2f,0
comedy_f28c4bb1a365144d22fe,1344
comedy_f2c9362bf863e16e9ed0,1680
comedy_f2d2c035f7c42c7ad584,0
comedy_f2de760cd3f54319686d,336
comedy_f3214d4e7ee6390e7664,0
comedy_f32976b1f0951c0c92bb,3915
comedy_f397af48f454fc2c1149,1289
comedy_f3cb322cb156133b3744,0
comedy_f3e8b57eaeabbc867234,32
comedy_f3fc72178b5658685cd0,4
comedy_f4195e69493da0995a73,1048
comedy_f4270c3481f136b64047,272
comedy_f43dbcd3ff0ebd0b494e,0
comedy_f4dd234bf7ae0166b4e4,81
comedy_f4e553fcce28e83ca21a,8
comedy_f52f30eeb777b9a59602,2564
comedy_f538c5690833c6239989,256
comedy_f58ee6c4fca8221d4184,1
comedy_f59c9702dcd2975f4062,272
comedy_f5b9055d938760c7c6be,324
comedy_f5b9b4ba7a8b240d144b,0
comedy_f5d3f334ee60e47d2cae,3800
comedy_f5d5db7fc69644bd52f3,3568
comedy_f5d78a6a0badef693b43,772
comedy_f5e2dd102bab7b0d9cdc,0
comedy_f608ec38eb8a0c3801d7,4075
comedy_f649bab2f11729488ecc,0
comedy_f668f6e6e0caabe59e30,0
comedy_f682cf9d6130c9df41d3,1264
comedy_f6afedad87e48e601c93,0
comedy_f6c739bcce970b2e0b9a,0
comedy_f6e0a03be2681fe6b007,390
comedy_f71cbc6c690c73a37bdd,3580
comedy_f7314ccdb4a633c57f7f,0
comedy_f7609a91ba97d802ef0f,256
comedy_f79a44edf1b8c2640b5b,262
comedy_f7bd34123dd8db61dd0e,4032
comedy_f7d4c276bfe54e723a59,0
comedy_f7f7e6bb4b75c87348f4,4032
comedy_f800290b67c10fa5e7a6,0
comedy_f83763a855dc126b0876,1024
comedy_f8750699b275aeb6432c,0
comedy_f8843af563ca25e8e5e0,1043
comedy_f8a325a1e79c6e1aa1b8,0
comedy_f8b2ae8513aaa2648eea,1472
comedy_f8c7423280516c498b55,2052
comedy_f8e4e89f04b3bba7c0f6,256
comedy_f8e5e8df7f6e85d09d7a,484
comedy_f8f3233a4e7c20428538,0
comedy_f9083e0a994234f83429,17
comedy_f91c81f431df62d628a0,0
comedy_f9457d31016eb273b192,514
comedy_f9621d66d147c1dd6e38,17
comedy_f9636aa2e6bf8551d3b7,2115
comedy_f9730b6968f12333d33f,161
comedy_f97fe3b9a731caa0ab16,849
comedy_f9b45505ea47c15ee5d5,4
comedy_f9d69cd994e2578819b7,320
comedy_f9f67c496c3545dd3e91,2304
comedy_f9fae798de001a012c25,563
comedy_fa0f0dd9a5b47c8e53e5,0
comedy_fa1fcf77392d3476892f,0
comedy_fa6377be14dae758949c,1361
comedy_fa68bfbb65e6fae64105,2224
comedy_fa791ad1c5a5c93b649b,264
comedy_fab824a52c5f5fd66ede,0
comedy_fadddaf15609963cbaa0,0
comedy_fafac740260b883061ac,16
comedy_fb0b3b9b68f563b08eb8,336
comedy_fb2005f4a66857996494,5
comedy_fb314529f935c40f2589,1
comedy_fb5010799c3164c8f61a,2173
comedy_fb55d9bf4a6859ed0ff1,32
comedy_fb627fd4c3209e6282cb,2356
comedy_fbafd4b28b30c7141bd8,0
comedy_fbce01883c0b91b56c18,3889
comedy_fc1012d9ba7877933f05,1
comedy_fc318f633a154059e821,64
comedy_fc478db9d025787055ec,0
comedy_fc66e7abb2e41cd5c142,3009
comedy_fc9fec1b7ac0f5b65ad5,19
comedy_fca9e86d553c14fd4229,1044
comedy_fcb49c5938cd84bc405b,726
comedy_fcd82e4fc397712014af,3227
comedy_fce8ea1b32761ab6763f,661
comedy_fd0261f1f18e7db739ee,585
comedy_fd09658e3fc54117e91c,2944
comedy_fd514fc61f4a637c1efb,0
comedy_fd5938eafc1483c54e25,2048
comedy_fd67e26585315261a793,2991
comedy_fdb0dd7e22977f91dff8,1280
comedy_fdb8a3559c5fe6bdfea1,0
comedy_fdd3bfefc107dc7ff10f,2043
comedy_fdea1a0368c3984ac505,0
comedy_fdf3ba0bef981ba2c3ad,1
comedy_fe09e4424bff412360ee,4063
comedy_fe0a8c037008b568200f,1025
comedy_fe44d675f31045921f34,256
comedy_fe92d6ea4aa73bd9db75,1024
comedy_fe9c222b9a326178dc0e,64
comedy_fee20808da0aa7be7713,1492
comedy_feee244715ba3f8c382e,43
comedy_fefe2e874afcdc643f9a,1345
comedy_ff039979d1a3c1f4ae63,0
comedy_ff132360aea114579fe3,257
comedy_ff6af8747737db189963,34
comedy_ff79334eb41ec5029a58,0
comedy_ff82ec621b0f0f7ac82f,0
comedy_ff8e8861882ebe91dc90,16
comedy_ff97560bf89e5fe7cb08,4
comedy_ffe057c5a5c1360e9cb0,1413
comedy_fff37f2000d2117c500d,1280
