task_id,antecedents
000491aacd2b3335ff3b,[7]
00069553de12e46a6ace,[23]
00134de68904f8d2693b,"[15, 17, 18, 21, 22, 23]"
0026f516dab9b7d121c7,[23]
0033ff1e13ba649e4a12,"[20, 22]"
003d964ab8918e5683be,[19]
004b4539eda9a7d008d1,[17]
004cfd51f65ee7cd9c19,[7]
0058a72915794e30c137,[21]
00659968ca707b9faf04,[22]
006b9fcb724df2201142,[3]
007984f35290547d28bc,[17]
00896d0560104abac19e,[18]
00905a2c1897a05a1765,[17]
00aa59e510d423808cbf,[20]
00b21a5a00f495285259,[9]
00bc414992cd5fd57653,"[5, 8, 21]"
00c04f0822c4c761c058,"[22, 23]"
00c2698de5161fd197b0,[18]
00cc77c6711426472f1c,"[17, 23]"
00d0d5f71a9c29eb1112,"[1, 9, 15, 17]"
00d14ee00842caab132f,"[3, 20]"
00d5bc801a7f34c789aa,[1]
00eb2bc7784b8b7425a1,[18]
00ee27bbeff9ac7458ea,[11]
00fe5b9ceb9b1e55037a,"[4, 9, 16]"
0111de5306679bc40440,[6]
0113834a1204011c4145,[20]
011ae618e27d6bd4558a,"[5, 9]"
011b184d40a6259fd9ab,"[3, 10]"
0122d05612d44516be1a,[0]
0141a54991e92b97a578,"[7, 10, 11, 12, 19, 21]"
0143eb282c81c1fe943a,[14]
014fb80b084cd2ca5569,"[15, 18, 20]"
0163fcffc3bd0b2b882b,"[4, 9, 16, 19]"
017182278ab77984c9dd,[23]
0186353b1ed1c0e5711c,[21]
01887f9df82b0cbe22b5,[20]
0196b46019cfb141c574,[23]
019e95ac92ccf6e23cb9,[22]
01aa77271446e86f738e,[17]
01c5a85c125d112ac367,"[6, 10]"
01ca09a3f4dd980738f6,[23]
01d5ac8267004c30930b,[1]
01dee78d06380b7a3983,"[5, 17]"
01df619996c30188a52a,[12]
02142ab1e9c3d877942c,[19]
0215ac82b9a872d5a9f7,[1]
02229a5beb41c99b3206,"[12, 17]"
0223b4d63a13c8ac4a2c,"[8, 18, 22]"
022b610074114f68218e,"[16, 18, 19, 20, 23]"
022d7694c0b51996c9c1,"[7, 13]"
022e2d290088d28da7af,"[3, 5]"
0249936a14c730c1148a,[21]
0266e20b2864e8f0cc97,[15]
02695dc2c6fde504e628,"[11, 12, 14, 15, 16, 21]"
027b92115b0dfd96406d,"[13, 15, 17]"
028aeebfb7759c9cf3c1,[22]
029377a5973c4b970b8d,"[7, 17, 19, 22]"
0293f7e8a89e9330c460,[18]
0298a77f90b688f06e30,"[5, 22]"
02ae20c71342e85dc0db,[4]
02b01c2e7efbc03ab631,"[4, 10, 14]"
02b37bf3d2c3bc629a7c,"[3, 8, 16]"
02bf92fdb141188a9d6f,[6]
02cfb1812447e33c9260,"[17, 19, 20, 22, 23]"
02e7e6c82b0aac336c67,"[0, 5]"
02f2ad6e6b85028488ba,[20]
030ae0219d50eb10f868,[2]
031fb26887e0f895ce22,[19]
032627453cc454601406,[23]
03760e3994eed8a8c850,[13]
037677fb5604b1baa267,[20]
037f7190bdc4f55a8e16,[15]
038bb3b04af7532a06b3,[11]
03939fb9ed9aa7f74e69,[11]
03bc1ee3ce6853d73540,[20]
03d85d5a259bfa80f9b6,"[3, 9]"
04081f45557395cf2b41,[1]
04121236f79de8feca7d,"[4, 8]"
042149720733003228ee,"[14, 18, 19, 23]"
0428d9e1e8dbb1bacf17,"[19, 21]"
042cfea469e5878e56a5,[19]
042f7218f5891c14fe25,"[12, 23]"
0446a57758a11ad8b67d,"[9, 17]"
0459e15e7fc8cabc7ab6,"[8, 10]"
046ef3a0901eedb21922,"[21, 23]"
048cfb0f178924ebf47a,[0]
049073752cef5d8cb680,[9]
04976762639ca8e76abf,[6]
04a2e613c644248b230c,"[1, 4, 11, 17]"
04d869a5234be89d5861,[20]
04d8b820418ab8c76bcc,[11]
04df8a7a9968f8230086,[22]
04f2bd2163e0d114d148,[1]
05023edd5a313fa1377a,"[4, 16]"
050c55cb9b64f64de2bd,[23]
050d11abb2ac96cf4938,[20]
0514d2cbbe58437aec53,[8]
05239fdc9c0cc418f1dd,[23]
05288b7e93ae544de020,"[13, 19, 21]"
0547e096e0002b9d1aab,[20]
05533f8f008a2e63529e,[23]
055dbc2b1ca7b9313c3f,[4]
056cd12f7268d2ade337,[16]
057c53b06146833be216,"[12, 16]"
059ccbfb9f24f83cbc79,[5]
05a4ec0d4847c8e742b9,"[12, 14]"
05bac4d3b70e9b63a765,[14]
05d95f75dffba8ba03b1,[20]
05e4cfd4a4beac58bd9d,"[17, 21]"
05f312eb9b32052f4e29,[4]
05f6386eba99b6930eb0,[18]
06036b732ed21c97f8fb,[7]
061207b3c9e910d42f12,[22]
06395d89004f73e074b6,[8]
0643fba2cd7d8d75edf6,[6]
066338b33bf3c80feb0c,[11]
068660c0ec3b489af385,"[7, 21]"
068a73db13d3109573a4,"[4, 5]"
06a9cccd48cfe643437a,[23]
06b05e976f35c06d53e0,[6]
06b3fdbec2ced3526e7a,[5]
06c4a67a3db136416695,"[1, 17, 21]"
06f22b60f50c1fdd071f,[20]
06f2bf7937463ab7e7c7,"[11, 23]"
06f5d9d9244ff5c36477,[22]
07066d19ae2fe6064696,[12]
0708229e4cdcb62350a3,[19]
0708e558f36051a2bc58,[20]
07096cc2d4104a4b4fb9,[23]
070a34a952a0e00f58fd,[4]
070d2bd7d6810ff465f8,[11]
07105360dc8a7d7743c1,"[8, 10, 15]"
0727ea57a366e9e2ff48,[4]
0739383982d0fda75152,[21]
0753c8725609b6e1afc5,[5]
075baad33c0d5b04cb55,"[3, 7]"
0768fad43632db743314,"[1, 12]"
079d910b7ebbc5a9d0b8,"[0, 3]"
079faa745fb2d69d1a81,[19]
07b6ac9f0a90c0d2395d,[2]
07bb18c9cb675dd0c2ca,[18]
07bdf7f5e35b3b4ceecb,"[0, 5, 8, 23]"
0802c6f48040f8b0bfc6,[11]
080697351bde799fde58,[21]
08583b4985a70a762b81,[22]
088e491473ffdc207475,[16]
08c5932ee42303a8929a,[12]
08d53727f25ae424c00a,"[22, 23]"
08da043e2d1dabc38bfe,"[15, 19]"
08ea527c0323bf79ec46,[15]
08fee766f7d79ae2043f,[5]
092491e56dbd61cfe9dc,[18]
0925f908dc082cd23a0f,[17]
09264e1e600d697feded,[4]
0928400b72dc18ffc62c,[17]
094e1de0a70c1664ffc0,[12]
095c09b6f8707844092d,[20]
095d39986ad364428b43,"[19, 21, 22]"
09667e48cc0c4f671e3b,[20]
09801ea2daa823b39c63,[11]
0997ee21dc94e21cbf46,"[10, 11, 14, 23]"
09b3829f5fc1cbabc69e,[13]
09c6f515fd2543e376b6,"[21, 22]"
09ed9448615a2d3a3060,[23]
0a0496e886c6b0ea217d,"[20, 22]"
0a1d19a51b9fe458bee4,[19]
0a2d627a10a5e31ab9a8,"[4, 21]"
0a2f5947ceb7a9d90f4f,"[4, 10]"
0a3e0525225f67f5b0bb,[0]
0a3e3bbbf142055f58bc,[19]
0a45c225d33f79bab99d,"[4, 15]"
0a4ccb35d88bce844e86,[21]
0a5f4922793c4c136a0c,[13]
0a69f73bdde5c6dc441c,[16]
0a6ffbb7113f58bd7e64,[13]
0a807eb38410081b6504,[4]
0a825feee38a118ca031,[20]
0aa502322c8c09e63ab0,[12]
0abad6f41e4f4183ba93,[19]
0ae5288d32044161d1ab,[21]
0af4208f247ef4e4e480,"[9, 22]"
0b0035e5f43cc77d63a9,[6]
0b0894bc4481352e0f1f,[5]
0b0f77d1d5817738a4ce,[16]
0b25c5c96534a4b1193e,[15]
0b3e1a681a12d8dd20ac,[17]
0b621f26561c253e591e,[23]
0b6a0b0bccfc0249428f,[12]
0b71d1f40695fe35b0a6,[8]
0b9b76433a1039b78f4e,"[0, 6, 11, 19]"
0b9e0c3c0f952d154756,[0]
0bc4558e5f7c7f29ece3,[2]
0bccd6b12bf8a91849ec,[6]
0bccfc4522100ef54588,[17]
0be256c45e5a8c5435c6,[6]
0be69a855c885741c0a2,[19]
0bea4240ee9a723edba8,[0]
0befa0fce48f65eb40e1,[14]
0c2306fb692bc0e5d675,"[5, 10]"
0c5f3332b45aaa786418,"[5, 7]"
0c7f29d88e43d9d021d2,[7]
0c8dea16de610d8ef575,[23]
0ca02c90fd7811fb51ba,[23]
0ca6e9ec92afdeabce84,"[18, 22]"
0cb23e509d0144fcf374,[4]
0cde0f42e4013164d893,[9]
0ceea632d60413d6078d,[20]
0d39f3dea37973cddf5d,[2]
0d44c6d6935bccdad198,[22]
0d4649c0c31f7bf90b0b,"[8, 9, 11, 13, 21]"
0d49a4e6a7f065ae9781,[0]
0d49bf6e1c6cf2c3c01c,[17]
0d55f2e097db7f5cda7d,[11]
0d69fe15ac2b6aaf5434,[16]
0d76168808fee5304382,[5]
0da71ccdc598774ab4e8,[21]
0daea36e2376d8a0c6ed,[17]
0db7fdb9442f707d0089,[9]
0dd61f456c2e87aff98a,[20]
0dd792dbbb81541fa554,"[13, 18]"
0ddcc5f8a74f12be6f2f,[17]
0de0b92570e53e55aeb9,[17]
0dfa2db8995085d61af8,"[2, 10, 16]"
0e21865ed73fe7b89ae1,"[6, 21]"
0e426ae1060527d20840,"[4, 11]"
0e6000030697df15e9f8,[21]
0e8354ef44e61dd68d72,[21]
0ea76877828a7fcbb3b1,[15]
0ef1737013634a2016ce,"[10, 22]"
0f00e429ae64ea53077b,[3]
0f03576c0f6e82d041b3,[6]
0f1897528c192ee64b2e,"[15, 17, 22]"
0f1c7291ca9deb216d31,[2]
0f1d8b34250f56687a0b,"[18, 19, 20, 21, 22, 23]"
0f275d65f76f420e4342,[21]
0f69c69a4347340a644d,"[12, 14, 17]"
0f75e8456e3a3a1b9cf7,"[21, 22]"
0f78aa431c74a51052eb,[14]
0f8e467bb345fca1a0cd,[11]
0f9443fa2da4f25e1087,[14]
0fa1d623d6f3b7669378,[14]
0fa2606dd3c0e51aecde,[11]
0fab06669a889a31bbb1,"[2, 5]"
0fab71ab4c2542d2f944,"[11, 21]"
0fb35c5840386782d626,"[9, 23]"
0fc16f95b43a20af8669,[19]
0fddf554dbb6f5390028,[23]
0fed06cece4fa953f6b2,"[1, 4, 17]"
0ff27f5edc191f77c217,[12]
101945c095b2c6937f75,[16]
1043d79310d3cea41f57,[19]
108520d9ada1e22f3403,[5]
10985af51be5e977bb38,[23]
109e6efbdfb98019a7b5,[6]
10a78ee618906a91e5fd,[14]
10a88654a683da6e32a9,[21]
10cca9cae5286e3f1c82,[7]
10fb2aa1dce682aec269,[23]
10fd3b3738c49eae6140,[2]
110aad1ed8618a99757c,[21]
1110dd20ab2d08702eb4,[21]
111f9b67f1dedc91ddd8,[19]
1126ff3bbfe8e31b6fda,"[2, 4, 11]"
112ec6a1658d8e836f9c,[23]
113c93d67c6c34242c2a,[20]
1140b0fcdfda53488d8d,[21]
1184eb2b3bbdf1b85f2d,[22]
11a75d0558c057f81c58,"[10, 23]"
11afce796444d0ad1a55,[3]
11c7ca34a77f758f8a73,"[0, 9, 14, 18, 20]"
11d9c0b58020ff4cdad7,[20]
11fc996b81a7532b7c5e,[12]
121cc5996c9b679539cd,[13]
1222e49e6039cc563765,[21]
12232b5f82fc5f414fbd,"[20, 22]"
124bc637f387972bd7d0,"[0, 19]"
12503e00f7355aff6232,"[13, 16, 18, 23]"
12504a415c88e962c050,[5]
12620f465a94ea3e9cf4,[6]
128068135e6af24380d0,"[13, 20]"
128d3d56034f90f87b97,[3]
129564b4278485e6554b,[22]
12997cbb0c07db74208a,"[10, 15, 16]"
12ab4c845adef06e97e8,[6]
12bf718c936dad091873,[14]
12c56c8f1d540c9d41a6,"[4, 6]"
12d33cee901ecb171468,"[17, 22]"
12d9474d92405f51d0fb,"[5, 13]"
12e9a4ded88b18a38105,[21]
12f60bc737aa2eb2957d,"[4, 12, 23]"
13024f96c0375f48b518,"[14, 19]"
1343b14bb51181d82cfa,[15]
1344c7c588d3c47b2f94,[12]
136222cd148e60425f49,[1]
1388fc35deae754ab18b,[22]
13ab4c8f9b78a3d06afe,"[12, 18]"
13ebc5fdc73ab06df949,[20]
13f249c92a0cd3876023,[18]
13f753ae1b523308e2ba,[17]
1401cd3ca772d76d3abb,[21]
141627e21fa4ea47f753,"[0, 8]"
143d763d1336969664c7,"[11, 20]"
1459edbff82aa034e62e,[20]
145ad4fbcb34c8a11717,"[2, 22]"
147faf177ddb7f95628d,[6]
148c3c162756a3fbf46c,[3]
14a5b1f7768e65fb2df7,[23]
14b2e070b2d313e09d1f,"[21, 22]"
14c6f9be29a22c9ed08e,"[20, 22]"
14c77d6df4fe8be572e9,[20]
14d51d795d34c515d0ff,[3]
14de6ab21171ddeaaae1,[14]
150ef2fb35b3f7378807,[2]
152d7529c8c178d74a96,[10]
15324ae9f3fe9f30cb5d,"[7, 12]"
1538550cce6a4f5c58fb,[15]
153fe1c1f3e85bba053a,"[11, 16]"
154c7694ef552a2a7542,[23]
1552736460919ccbdc75,"[2, 20]"
1556a0cafde6753ff63b,"[14, 21]"
1567c6604723bf911922,[20]
158d52abab60cf178a51,"[0, 1]"
15a5dbca1b4c913d39a7,[14]
15bd0e34e7090ca5ed66,"[0, 18]"
15c2f8750fa86466c973,"[7, 19]"
15dbcec08b00dd13d9df,[0]
15f9c934244883730de5,"[4, 8, 11, 15, 17, 20, 22]"
1610dee73122a73c43a4,[11]
161aa7d5532478ab0519,[16]
163545c3483039ecd21e,[11]
1664044b313f3f04baa5,[1]
16789d5e771851851b5a,"[0, 1]"
16994c0945e7e9350446,"[10, 12, 14, 20, 22]"
16c2766a86aeced0128a,[15]
16d198da472cb4216c8c,[20]
16d544d09a7f84e68d05,[16]
16e5d40f597977d9e25e,[4]
16eb40d43e55aeeda3fd,"[9, 12]"
16f113d58ff9bcb5ea56,[23]
16fb0ee302cdf79e1215,[3]
17085cecd181fee82508,[20]
174d94746db012d045a7,[20]
175857ec3dd2d0acba74,[5]
1776bbab03e87bb0c4da,[1]
1779d7981957800d1f5f,[17]
179367686cf6ff089b90,[14]
17b5e58b61d3b74d1c20,[22]
17bf3f8be733ac0b1575,[20]
17f949090699d714d900,[5]
182143df2cb91ed3bed4,[7]
1825ce80bd44d5c4556e,[20]
183df303b6d1385820d5,"[17, 22]"
183f811f18c2714ed322,[22]
18503941b24ecdcb101c,[21]
185a1f59a3380fb29568,[15]
1868f84e34e176ece703,[8]
187988f6bf9ef299b4f5,[14]
1880ecd0872102a9c213,[15]
18968373ee786f820fdf,[22]
18a64fb4b6232a295819,"[13, 18]"
18b46e7b23680dbafe4a,[11]
18ba4cf57d7612e07016,[8]
18c7e2afb73b84aa38ff,"[5, 13]"
18db3d8a5f4992f08256,[6]
190cf4515c077f3e8bd1,[21]
191581ed233f7066842e,"[3, 8, 16]"
193318c1d561a49b46d2,[22]
194903a69acbc128a72a,[12]
195bb8253571082410e9,[1]
195c0a74a4c09f18051b,[22]
195dc88353e97750008c,[22]
19679e5fc225b5288e17,[13]
19847d5cf0cdd50f87f3,"[0, 3, 7, 18]"
198691e6cf4cf411afe8,[18]
199b676d9835162011f7,[2]
19a5c3a7e857ea5d2b8e,"[9, 14]"
19c619a0bdb491242493,"[5, 6]"
19e18cce55e4b9582ca2,"[19, 22]"
19f4657fb9c0d34bade9,[17]
1a011442ac6ee0517599,[11]
1a0bc67ea8af719c669b,[19]
1a1c97343704f1c3988b,[17]
1a233779ef9f18be107c,[0]
1a27b7137c82e2ecbebf,"[13, 16, 22, 23]"
1a3a88ae571722c587bb,[17]
1a492a8957f932c9c762,[21]
1a5586ee21bff1d7569b,"[9, 12, 13, 14, 21, 23]"
1a617d4d0ef5f58dd786,[10]
1a776b1d5f408fb71830,"[5, 18]"
1a79dc244aef3dac70f9,"[5, 6, 8, 11, 23]"
1a80fb54dcdef93ee092,[16]
1aa066e8c5a7c97b0699,[18]
1ac14498177db317f46a,[22]
1af23a07868283915173,[4]
1af64e7f8cab9317ed31,[23]
1af6551b46ac9117687a,[18]
1af8e1e6e69cf12fa04e,[1]
1af9a4d79bf236bff966,[21]
1af9cc9d8e0b8ed6bb57,[17]
1b21c1d52a1ec14a2e90,[20]
1b2efa88150e6ada1679,[16]
1b380f73bb9bd3be66fd,[8]
1b4a67b9d5118647b6f2,[15]
1b5cbbb1785e40e0e228,[7]
1b798721ec11a3bdfb5e,[19]
1b9bc2db8fa4637cb0f3,[23]
1bb7686556ae425dc5d1,[21]
1bba886ea76054a6caa3,[22]
1bc332b8990fef773823,[7]
1bcb2b5709af6f14089b,"[6, 11, 13]"
1bcf7e1e5a2f884d2fbb,[16]
1bd22241e1af051fb291,[22]
1be4d25fcd39b5503664,"[3, 16, 20]"
1be5ae7c6a9f9acb33a0,[20]
1c3d00bddc5f342dbe22,[21]
1c45978a83eec490d1cd,[23]
1c465510db915ee3f00f,[14]
1c53e58a2444961717b6,[22]
1c648350e510f69094c5,[12]
1c64eb462566a53984c1,[6]
1c65de740078d11b6d7d,[11]
1c6c8237f5ff6117fca5,"[2, 7, 18, 20]"
1c755b830d9a21760845,[17]
1c8164797db71d2e91b2,[3]
1cc45cbe5436050a6c68,"[2, 19]"
1cd146c89a5dc1969d85,"[12, 16]"
1ce27d4881c5b4be28ff,[21]
1cecca002f23aa6a873f,[1]
1cef68880d9764d38e56,[22]
1cf6231c72a1414385a7,"[2, 12]"
1cf9a24a6daf71fdcf98,[1]
1d2c475d004d11dae29a,[10]
1d3d9bf7415a093bed6a,"[8, 10]"
1d410bf5764224b991a3,"[1, 10, 20]"
1d42c0bd24883bb10433,[22]
1d657dc1fe43816135e2,[18]
1d66d0754d4a27c15047,[22]
1d6a5a148432472efa5c,"[0, 6, 7, 12, 13, 16]"
1d8532d416ab3f930345,[17]
1d8fde0b98ed8ef7ddd7,[13]
1dd29953484805e0c6ae,[11]
1ddc7fff8d402124d2f8,[12]
1e0f065cc56419bb01f6,[15]
1e11e7e34da777459b11,[5]
1e12b5785b67b68be411,[21]
1e2ee1e8bcc973eeb131,[11]
1e4f1baffbe7fc86d8d7,[22]
1e623c875aa0d3e9461e,[13]
1e6e8eea69373900311f,[22]
1e91c0e04b766e1ad186,"[1, 22]"
1eb806032dfd04a20ba3,[23]
1ecd2345be20ad0addda,"[1, 4, 16]"
1ee4cf65dac106f6040e,[7]
1eeeb2f24282ddec599d,[20]
1eef754d6f086eb3df12,[21]
1f15e9dbdb02a01a4955,[2]
1f17c9ce6355dc633d4a,"[9, 12]"
1f32ec006e6af35894fc,[13]
1f445b5e609fe0732662,"[3, 7, 18]"
1f4b47029acf0a37769b,"[6, 7]"
1f56fd2002b786884276,[22]
1f6a2320e223c322a0b2,[4]
1f721d9f864d2a2e9eef,[8]
1f9817700c99b159c8dc,"[7, 18]"
1fa0d3479cf728dfb17c,[5]
1fa1e995f03cc0f9749f,"[11, 15]"
1fc11fa2420a5d803602,[22]
1fc551c7d80f09ed58bc,[12]
1fc59b61c15c7bc757e5,[9]
1fd27a1bd1bda5a49bfa,"[2, 7, 10]"
1fd9d47a3b44b795481f,[16]
1fe7bd6434c1273bda69,[4]
1ff548a05ef169fc4073,"[13, 22]"
2006f2662ade68fbe0eb,[13]
200b81bbebd2c80860b0,[20]
20123460bd20e32c9ae7,[15]
20271e6fb4772253f490,[20]
2031893cd540845effc6,[2]
20689110d842377de01b,[12]
207cbc448fc06f8ac302,[21]
20a5ee5f0d822e45819b,"[0, 1]"
20ab5e4899e7f747415e,"[3, 6, 9, 11, 23]"
20ea399fd9c2fcdd5bd5,[21]
20f6d6773907cb99744c,[23]
2128c43f4686a6265048,"[1, 6]"
2130c37e3a81c624c96a,"[4, 17]"
2137dbed10a6863dc0a8,"[9, 12, 21, 23]"
218de56628d7150e8dbe,[19]
2191584327aa59b93d6a,"[12, 20]"
219c0699daab13db8139,[6]
21a0e32e93c54250daa4,[12]
21a7429ed4f696f48aef,[22]
21ce255ac97770155691,[16]
21e1f048386fdd4c8926,"[13, 19, 21, 22]"
21e3d75bc4e0210ca9c8,[21]
220167ee13e6dd459545,"[10, 21]"
2203360e59996c2cebad,[12]
2212f4c990e9a5bc986c,[14]
221b28de8124bbd838d4,[16]
222c7084109875e0f624,[0]
223d8e35033f02426609,[19]
224684c94cc5a6ab4aea,[17]
2259642a178ca903e80a,"[1, 19, 21, 23]"
226dfe08a7b768acefbf,[2]
22984f05bcfbbcb014eb,[19]
22b49c484e320ca6c78e,[18]
22bf58a906d332a8cda1,[7]
22c2b4578cd8187a7b1e,[23]
22dfc791cba8e33414ba,[21]
22f20162ca4ee2165b46,[7]
22f4121a9e25f2cd9d08,[9]
22f8f1fdc9a653c446ad,[12]
2309266ee02a29529ae7,[20]
230db1cbaba53931078e,[20]
231573453c4d99759f0d,[5]
23194a424c2ad8d9cf72,[8]
231be4b5e3e7a34da921,[18]
232b62dcd92806bc58f6,[16]
2332d2038083a2676ea4,[7]
23381b084b145e2b5037,[13]
2365059ef04af6b59b3b,[18]
23a043ff9e289d27d68d,"[0, 15]"
23bd13e5bab764a2f034,"[9, 12, 14]"
23bdf4d8068b1851332f,[22]
23c7b95647e9f3f44cce,[21]
23cace67659f542d9252,[22]
23fddfc0dca5c938baf8,"[13, 15]"
241018bdcb1cac6805e5,[8]
2410d1bfc9b16428cc67,[2]
2413c70c5c68e8d1f14a,[18]
24162e0db511b76e9925,[20]
24176096e0c3bad0eac6,[22]
242a035696007e62cdc7,[22]
243071d95a35bb541f01,[11]
2435bec2b70d740b795e,[2]
24402244e57ed0ac3357,[14]
2452087c2067e4fcf96d,[19]
2452d67d640c6fbe19ee,[13]
2454b49b1cd8ea80061a,[10]
24565becb1e18bcda40c,"[20, 21]"
24769bb25eca51fd7ae3,[23]
247c3cded17f084955c0,"[20, 22]"
247d76c321487933e3ee,[15]
24922899b7bd18f770aa,[11]
249aba4761f57acf0b75,[11]
24a3067739215db7f742,"[19, 20]"
24b54873e8fe9eaa40f1,[16]
24b757eb4f4ff09b7d55,[2]
24bf30e3059388d5d0ab,"[20, 22]"
24c688a3bd9a1a9c37e3,[22]
24f69ae55294cc02383c,[2]
2508f9f95853f2edff46,"[21, 22]"
250d3f021e864dd8cf67,[9]
252e505bed6d051d531c,"[12, 20, 21]"
253225ded798940ed22a,[18]
253acbd2bfa574d6328c,[15]
2566fd6f5475b23e52c1,"[20, 21, 22]"
2571f1a164a576ec2c6d,"[5, 11]"
2589fde5457a48081297,[14]
258cdb96e1c883d6c4fa,[9]
25970c0800a2ec9efb7a,[22]
2597cd8b6457bcf82ac8,[20]
25b1f70bc212e3e45e61,[8]
25da8e56a2563edd2e8c,[17]
25df365421a7f31d8260,[15]
25e1105a957f4e8b01b4,[20]
25f18de5f84a067b8090,[23]
261d09f39a17768b061c,[17]
2626001ffdd7a102ac76,[5]
263803df7e4c04e4db6d,[2]
263cfece4cc8c42a7a6e,[0]
265fbd7c7128b73d0346,[19]
266cf097f9262303cbff,"[0, 18, 20]"
266f9131647d173c819a,"[4, 15, 19]"
268669fca0f8ba945ecd,"[1, 20]"
269d6473026d60be18e4,[4]
26c0baf01319dde5f693,[2]
26c4b07b74b0dc93907f,[12]
26e38521cc40e80f8835,[23]
26ff4ae5deabd2ae2ca2,[4]
27039f3aee4e677f5521,[14]
271fd8d5229f0e4ea60c,[23]
274d4f490427f0c87825,[4]
274f30049290549af6d4,[21]
2768e85c9e09deee52ba,"[12, 15, 19]"
2773c1e64680810dba82,[22]
278253de7ca5e563d971,"[6, 14, 20]"
27851b516301a5cc6695,[23]
27964e6e073a227ced60,[8]
27a67c1e070d62452c9b,[20]
27c6c74df5e8252d372d,[5]
27dcc871b325b65c2046,[13]
27ed87192e6edcc88065,[22]
280539537975552ae30e,[4]
28067dca7c58ccef0a21,[6]
280882daed501ec72151,"[9, 20]"
286b4c9c9a0b38b4bef6,[22]
28761ab444638bc3035a,[21]
28852d63fb01eadd736a,[17]
2896e23e1e4f334bd1aa,[23]
289f1a5db61a33c30e3f,[4]
28c7ee5c16be12cf89a1,[15]
28c9f17e9101cffa178f,[11]
28cd1285d46b2e3fd0c1,[19]
28f64dede8ac71665201,[21]
2924fa8cacf58f7b14b5,[23]
29475e9051ee0fd3a355,"[8, 17]"
294ee9f544d0a113bec3,[19]
2967576ab11679439050,[18]
296ab1e9be299eee190a,[15]
2973653b4363ffdcb4b8,"[16, 20]"
2988584e1de0dc337ab3,[16]
2991867e61430eb5a70b,[7]
2998fa3034f220a06d65,[19]
299f9b27f9608cf8b37f,[13]
29b330a8a25fae2473cf,[14]
29b33f72c8432096651b,"[1, 5]"
29e72cdb6e3756a906ec,"[2, 20]"
29f07947b3c4345ad063,[23]
29f451c2aa5b1bca6ef8,[21]
2a0f1a397edda11ff63d,"[3, 12]"
2a1de1c20ef852efe9f9,[23]
2a2090f44ce23c0d5605,"[17, 22]"
2a44758924a810774942,[18]
2a4aefd027c3a5586606,"[12, 22]"
2a4c230d3322b22c4cf5,[21]
2a779a86ee8c77e019aa,"[0, 18]"
2a7c2c63a5ed01c9f2a6,[19]
2a9d350751531e3a27f7,[1]
2a9d584b87886fa52faa,[2]
2aa5c513f28e82b2583c,[14]
2acc14b2e11e73d7ad57,[7]
2ae5a6c65b6218fd75cf,[21]
2af6c5bb46ed4b5e3b98,[20]
2b02796b378056055239,[22]
2b04c480febd1387f2ff,[13]
2b3e8b91cb975cb27563,"[10, 14]"
2b43eb164991645efd93,[21]
2b70465cc4e552f32335,"[12, 17]"
2b83e0204090375e7df7,[18]
2b9f7282e26779ebadbd,[21]
2bc371a765583b787c03,[15]
2bdabe967f739774b036,"[7, 17]"
2be5db38e6f62a74c53e,[20]
2c0f2b28167e10851a00,"[6, 12]"
2c19d4f2325164381164,[12]
2c2ba0ff6d8875add421,[22]
2c2bde8df4b52b0532ad,[17]
2c6a7e8309a1fc07c568,"[9, 20]"
2c6e3732c73764008e5c,[21]
2c87815a56e7d5ec30f3,[22]
2c910404c6975f417712,"[9, 12]"
2c949a67b6c8f3a375e6,[23]
2c9afcab3bfbe05828e1,[3]
2cd644e2195d7667b8c8,"[4, 9, 13]"
2cfe5445c864af2d89ba,[1]
2d2ccea84fc5c67e9431,[16]
2d37314c0ebd75df4de7,"[15, 17, 18, 22]"
2d48bb0fbf7026bdf65d,[15]
2d51f9c174d2418a7321,[20]
2d54a68a6b831ca08b05,[11]
2d74237a6c69db070d2f,[16]
2d7ba52a08d22ced4c2a,"[2, 19]"
2d89d4f468a7469b1899,[9]
2d8efff116a68373176f,[1]
2dbad683234ee18da72f,[11]
2dc5c65b6f7a402c7dab,[0]
2dd2ae874ac108e36ab6,[17]
2dedc3c3efbf823dcfb4,[8]
2df958355f2fec231ec4,"[21, 23]"
2dffdfb34c4af6fd7bf0,[22]
2e1f85c7672f1683c245,[21]
2e34d17050dc5be6c07a,[23]
2e3be9c21542aab626b6,[21]
2e4ea22f8f8692c1d943,[14]
2e4ed0bd89022eda2f70,[13]
2e657c694b5cbf72130d,[4]
2e817328c66311e002f4,[22]
2e9a6cca324256858432,[22]
2ea72078e524e3674fc2,"[4, 7, 8]"
2edd9e92ed293d93d16f,[19]
2eed56d211ba3771b802,[11]
2efef07e3757873176e9,[5]
2f091eed37e96e01827b,[11]
2f1aef876a6144ec9a69,[6]
2f48ab56d3983790872e,"[9, 12]"
2f7917a140f084671826,[22]
2f847f420b05d07d4d6e,[22]
2fc104dacf89819c523e,[21]
2fc6db2bfd3d97b6da62,"[7, 17, 20]"
2fcbe8855133b1001abe,[20]
2fdb479446c9537a1a17,[17]
2fde728b7fd38bfa2150,"[17, 21]"
3003d98948807e35ecc7,[20]
3009d0d1dddda7d54494,[23]
302047bc7a5a062d6c74,[14]
302f8b5e01a37784d1fe,[4]
304c41b7d5c0ffd5625c,[18]
304c60061c3de0af1c04,[22]
30818f62d294a54f1181,"[3, 11]"
3090f8adabc9176adc61,[12]
30911d8d6e65f107164c,[23]
30949b04635813866597,[13]
30a9195e51cc33faecd0,[2]
30b83c4515b16351baae,[22]
30cbfb77a75bdbcfc075,[22]
30dbc589c8a6ef8a6b3c,[17]
30dc7fc65c2ed263ef61,[23]
30f98273cb5a4b6ccc11,[19]
31090c5bc4272821e135,[20]
310b2fbd659983d2e5cf,[20]
31201f91728dfa607b1a,"[2, 13]"
3123489841fc92a57b86,"[1, 4, 6, 18, 19]"
3140b0ec729a759d6c47,[21]
3148d89dfc4ef0c2741b,[8]
3163f5dd256214b38fe5,[6]
316669fff1c822671b27,[22]
31686d84896bdf47f500,[17]
316ed57f7c56b7993bec,[23]
31726ff60fc36fbb231b,"[8, 12]"
317b8cda5d57593ef13a,[21]
318af0341fbdda49469c,[11]
31a6eab7e0720656d73c,"[20, 21]"
31b5a0531e36802891b3,"[12, 20]"
31c535f4c891ae5d4d55,[11]
31c8b54a63a6494659f2,"[17, 22, 23]"
31e09dfe9bac26f48cac,"[16, 17, 19]"
31fa48a02c4f4b2666a1,"[10, 19]"
31fe41e237843503f487,"[1, 9, 18]"
3200821e06c4f819cabc,"[19, 22]"
32247fa359df8552f3ab,[1]
3256cab8b412e74347a8,[15]
327377bf535cdea61cd3,"[2, 17]"
3278e639dcd66d2f2169,"[12, 17, 21]"
32a629fbd1a8587e8ecc,[21]
32c19e65a2c997d0da54,"[10, 15]"
32c1ff5e7b49e106a660,"[12, 17]"
32c5e99c62256fb27777,"[15, 16]"
32ebc2e315da1a071ffc,[22]
32f791cd306c5a0d7dcb,[23]
330cb40e57388011bf3c,[7]
33271e3ec8c67d04bf60,[8]
334e2cf8011ec21590c2,[21]
336c9c5d9466e7262671,[10]
3378d5d598f1d01bdd40,[22]
3394254f46b2ed9a7eba,"[19, 20]"
3397631f038215aeb4a5,[21]
33a2d8574717c3846a3d,"[14, 15]"
33f71d51316c22e513ce,"[13, 20, 22]"
341278803fc51960e450,[12]
342a83ee0ad4b3d26640,[9]
343363928d1f668b2bcc,[4]
3436bbcaa0cea5fea0a1,[4]
3453448604dce98a4a6d,"[9, 14, 18]"
345d5a2392404bf0a75e,"[14, 20]"
346a027fafb029b91936,[12]
348ecef39e1c7269b9d7,"[6, 19, 22]"
34a9dca73ab47cc2a387,"[1, 19]"
34d64b4a2e5f25f39770,"[9, 18]"
34ef19c305cac29d3af9,[7]
35109634a6b71f193c96,[15]
35179533a8dcc3d17a04,[23]
3523362a886c2674e229,[22]
3529e721265a1fb9a00d,[14]
35349799c48bfd2bee6d,"[14, 23]"
353f5f4bbdc34b82230f,[6]
354f19bfb5e0335b6e5e,[19]
35769b01ae73719d80e6,[9]
3577bfb0692a011079a7,[4]
3584f820ffc96bfa4153,[15]
3598550cf97e2c071997,"[9, 20]"
35a08cfcff2573f81b8e,[19]
35b916da9f3e7487f7d7,[18]
35eec4df615f3f442efe,[0]
3606b8ff22d53628d4c3,[5]
36113f17b4e3246c1f01,[18]
36335dc929bda59ed7cf,[10]
363a487cd49389a5d00d,[7]
363d97c446d73953ee98,[9]
3673ccdc072b5c78e6e5,"[16, 21]"
367b00cccd1277bf66d2,[13]
3687d21b7173089545dd,[12]
3695eb97fd0d3d061a4b,[17]
369b2817931890da85f4,[15]
36a84c9f23eef5500ad3,"[2, 9, 14]"
36c5194ece74c98d9967,[13]
36dabcbee21e02d35e8f,"[13, 16, 23]"
36e1e987dd28241840c9,[15]
374132e05a6482d15634,[23]
375b403ad60a3bd20daa,[7]
379bce051fe821a5466c,[20]
37a23b0cdc1288a8826a,"[18, 21]"
37af2d1412f1b7ba3edd,[7]
37c81e7e56a17b40d3a5,[9]
37cc521a4442e783ff72,[16]
37ccbd103a0c59cb4575,"[12, 14, 15, 17, 18, 19]"
37d35195f6b732e37f88,[21]
380117fc05eeb669c32b,[3]
3817063ef233babc4dbf,[9]
38514aeb34ea14014017,[16]
385d18ff1127507dc7fe,[15]
38766f2600ab9135d370,"[13, 16, 23]"
38903953b16e5f4861ca,[20]
38b12488bb2177bf440a,[10]
38b90b084400262c035b,[20]
38bb28c37064c6e60c5f,[18]
38bd15cb276ebbbea4c8,"[1, 6, 22]"
38bdefbf38cdf9f58214,"[16, 20]"
38bf517916f777158106,"[2, 11, 21, 23]"
38ccdb7620c0dd9ae459,[21]
38d5e12afa1123d92537,[1]
38d9a0540a5e5ebd5b96,[21]
38f026096db9c441a08c,[9]
3901bee96f1d6f7b79f8,[12]
3919d692e5cb533c2857,[1]
392faf0968d8a70d5c55,[18]
3939673038cc8da36b18,[14]
395cfe02ebf9933cea4e,"[15, 18, 20]"
396963ea18a8b1ca985d,"[12, 15]"
396df48742e066daf19f,"[12, 19]"
39ef15a2875b14d79afb,"[0, 15]"
3a058ca4e8902b78c788,[22]
3a322dcd5bbdcaa4a9f8,[23]
3a488986de6d9a7ae31a,[23]
3a50a43d91a85d038ca9,"[12, 19]"
3a6893438c42c5d00a9d,[7]
3a8527c69ea11bd64c98,"[6, 10]"
3a95fe3471d4b39071ba,[21]
3aa4ce85ea56130bedd4,[16]
3ab4f44cc404f7722d2c,[16]
3ab9dc02db2f37464002,"[0, 5, 7]"
3ad1b36e7c5b406d8548,[23]
3ada849289ec823c6ec2,[8]
3adad9dbb270122fc9f5,"[2, 17]"
3ae06685093054e9da9b,"[2, 6]"
3ae1380348b548d8c4c1,[4]
3ae78efb02c665f76dbd,"[14, 19]"
3ae7c228fd5510683050,[22]
3ae97f2af1dd21bfb410,"[14, 22]"
3afbd51e529299db0927,[23]
3b2364af10c1534ce24d,"[11, 18]"
3b3137003374a006ffd7,[21]
3b3ff2c2f723e7df67f7,"[21, 22, 23]"
3b5b083864c8ae01a41b,[16]
3b5ca546a78fdff7b15d,[6]
3b838a6e2fd41b4a80d3,[0]
3b8d0db91d2c28c76892,[14]
3b957808865b762d2d14,[3]
3b9ec06313b6122381d8,[4]
3ba2395e3cba83d85275,[23]
3bc6363e00465adc56fa,[9]
3bda1828ad97fff3b7fd,[20]
3bdbd5755f2cbd743e96,"[8, 13, 18, 19]"
3c184e53af34bb2683f8,[22]
3c40d4d6f97910dc52f6,[11]
3c5faca4fcddac494684,[19]
3c6772e2ddf643ee14e5,"[14, 17]"
3c7cb1b7935e3fe1ea88,[21]
3c7ecfa5c77547554228,"[15, 18]"
3c869f08be94dc721854,[18]
3c919bad8f07bad46065,[12]
3c9d292ff033b611c246,[21]
3cd80d5168cc7b167fdc,[2]
3ce06c57cb419fa56c50,[19]
3cea70fc7850a968cf8a,"[15, 20]"
3cf41529b740b478f963,[0]
3d116d328cef184e0635,[6]
3d1cea264e1b0f614754,[18]
3d5108b5f28be7498c80,[20]
3d51f2cccfe7cee6fc3f,[23]
3d535ae272553ad84af7,[8]
3d5ee251d9e4cd0b9e15,[7]
3d913e3198e8392c8020,[10]
3d946cce2a6737958df7,"[3, 7, 10, 22]"
3d97cc848c8b6a60c22f,[17]
3da24cba9bf3b5a8d09e,[20]
3db508c8b8bec257c94a,[17]
3dc7e43eab19d3e50c20,[23]
3dc9b9d98dad80abed01,[2]
3dd2a7516313062689af,[17]
3dece9d63ca33f1b1449,"[20, 22]"
3e2acaa227199b25f8f7,[20]
3e4a3a364823cda0fd2a,[20]
3e50b90ec8eba42f665c,"[17, 18]"
3e530b8a697042fcbcf0,"[0, 23]"
3e5d14c2a5d7e6462f46,"[11, 19]"
3e62ee7876952069b670,[23]
3e71b6b5215d49351302,"[11, 14, 15, 16, 23]"
3e80cc937bf4fd21f84d,[6]
3e86592b0876babedcf8,[5]
3e8cc0475d542d19121c,"[7, 8, 11, 20, 21, 22]"
3e9ab9bf299d48fe9a39,[19]
3ea1910dbc980499d033,[13]
3eae27168de0cab10f22,"[16, 19, 20]"
3ef85b9b2c611c57f2af,[4]
3f21e6ad328f20fc7d52,[14]
3f28e9b77688aeba30f3,"[20, 21]"
3f34dddc79018f2d2b97,[4]
3f6aca3356b4eed7530f,"[8, 9]"
3f6ee2b37a1d1ec6e13d,[12]
3facaad51cb1a848b15d,"[7, 16]"
3fc16960f27d5d47fcd2,[18]
400419fe5ad182ef5773,[13]
40060bcc88efe8c1dfd5,[15]
40118baa44b6827a2336,[0]
401477532c08df7e5436,[12]
401e4813bcc4b19be34f,[21]
402137d0efd250d904c6,[13]
40232656e691a0dc18c4,[21]
402694e450720fbfb0dd,[2]
402b2e6286338fe508d0,"[8, 9]"
403267942ab87ffb196b,[19]
4037d5fcb0aab6279d81,[21]
403e388382a1c5820ce6,[10]
404290f42bd5ad8b285e,"[1, 2, 3]"
4046caacb87b1528674f,[10]
404760d6b77490872ce3,[21]
40650b1d09565c2c875c,[21]
4069d74146905bd39108,[13]
40843c9b47915dc8732a,"[10, 12, 20]"
4088f39fe2d2ec8bded5,[2]
40b3aa43725f6c1d6fcf,"[12, 18, 22]"
40b561c71b4be951ee1d,[20]
40cde4db7585bf1cf2ce,[18]
40d38a56ac1b5a6566bb,[11]
40dd5bb0f6aea34945e3,[19]
40e4a3da3c53b8df2322,"[12, 20]"
40e5f3091a32d94323a5,[3]
40fcf9bc9265bbe50766,"[5, 22]"
410295cae472790ce719,[18]
415a13639dc29babe08f,[0]
415bc051ae73e3f5f816,"[0, 10, 13, 17]"
41614b6d0474c39f349a,[23]
416eceac162f88a7213e,[10]
418a85afe0f287a8767d,[21]
41c30fb517d3440be66e,"[2, 10]"
41db3b0dc3ef60143402,"[10, 13]"
41e332c9977788d52525,[20]
41e4ed750a38293a2b38,"[0, 9]"
422873ce1e11de26b442,[23]
422bd3c126bc8cf8cba5,"[7, 11, 13, 22, 23]"
423e95ab73f1bcb1a767,[19]
4259e917b2925058dabf,[11]
425e942935d81abba8bf,"[1, 9, 12, 17, 23]"
42609312a2a486c24c95,[20]
42792968547e52117365,[7]
428ac6d072ad298739eb,[18]
42cdadd7488eda7a1093,"[11, 14, 20]"
42d2738a7ce9a8d2f9ef,"[0, 4, 6, 11, 14, 21]"
42dba99cd84df7920ad8,[4]
42f3708829825b631c09,[19]
42f3ddf4299f538adb5a,[21]
4301124e2b81ec9d9409,[19]
4306041918496fcf2a81,[22]
431cb2d6089d65c44fd9,[22]
431ddc89c56d2490da8e,[20]
4322b7d35ce397e6d70a,[18]
4361a9ef74c4bdeb0628,[18]
436f2ea2ed0679d4daed,[20]
437411c1ebef38360dbc,[6]
437f93a7a4adeb5a1b42,[22]
43a6a3ef7162d049edd9,[19]
43a96a244289f5762114,"[19, 22]"
43c5e777072d1b575ebe,[12]
43d15892e3cdce27fde4,[17]
43db9f0608f436ed06e0,[22]
43dde23731e55ba2b9fc,[1]
43e4f6bbe4880cf01609,[23]
43e9690acfbfeee4e0a6,"[5, 15]"
43f2c9fb9886303f7fc9,"[10, 21]"
44038dc69c6e3ec440e0,[22]
4409c43f79c83601f546,[12]
440a061c981e0520a021,"[19, 23]"
441bd66a7640a349b3f4,[22]
44309b407c84f8eb3ab5,[16]
44714b9f71735473357e,[5]
44918ab6da24441c2a1c,[15]
4493328ca745a61a721f,[22]
4495f3d1bc5165bff0fa,[23]
44ac974f8e675075db2b,"[2, 5]"
44b9dfb5e705a5fd9d0e,[18]
44bf3b90b61f6f3e2c70,"[0, 4, 7, 11]"
44c12a547b9d44bde7d3,"[3, 8, 14, 21]"
44c3e92920c6f7b0dd94,[4]
44d0bd5da9937776cae5,[9]
44f53c9f9c13856f4bfd,"[5, 10]"
44fb8512deb907c1d6fd,[20]
45091850a6527e7a6424,"[17, 19]"
450c8de05557a417c77b,"[9, 20]"
451e5e7e27dcfef62da4,[10]
45217fb3bdefdb506284,[13]
453bd9aaefd73951acb8,[21]
45526863fd3d8335fb3f,[8]
455439aedf13026e9b7a,"[17, 19, 20]"
4559d22238a8e88fb3a3,[23]
456ddbbdb7b9234da959,[18]
45785b8f3db27b837c55,[4]
4585d6291d0e9b978610,"[17, 23]"
458b18e9e7fe22bd2093,[10]
45a5230fa67afe4cd00a,[5]
45a6759fd996c674ca2e,[4]
45a931906ed264c60249,[16]
45b1c7012b03f2b659ce,[23]
45caf67f89a88d401d47,[6]
45ec48e4537d80c81c60,[20]
4604bd80281c06da4913,"[11, 19]"
462c24447fa4ef2f658e,[18]
465acca492216b3dbaac,"[22, 23]"
466c94f93ffe3c13f775,[2]
467060e81c1f380ce7c0,"[11, 16, 20]"
4675ec76a6cb9cbceb93,"[2, 17, 19]"
468f25d279426e72e1f3,[6]
46fed51b15861cdce50b,[11]
4732611069159c27746e,"[1, 20]"
4737b10be5ae3c12895f,[13]
473f026a408ff502aa54,"[5, 9]"
4748f99115b7225d77cd,[22]
475691e0dea52bdaea17,"[0, 6, 8, 10, 13]"
476097e03453e89718a8,[11]
4761ab66cbf711b59465,[7]
476d3945def67b039eed,[8]
476fee61c95a46671a2d,[5]
477ce6a2cd1c0a2fd94d,"[21, 22]"
47c329c9550b6d56307b,[11]
47d976f45e6c24cc44e5,[15]
48046392ca0aefc35e35,[22]
483dc48420e5d9c6a553,"[1, 8]"
48642482566a50e65094,[20]
48933e0788e3807cdd0f,[19]
489bb7ab9a1d5157c970,[8]
48ab484bd0c3ffc9fe2c,"[15, 19]"
48d323248b7a977fb40d,[9]
48e5101bb88c5f204570,"[11, 12]"
48fa6ee48d1e08bfcfaf,[20]
48fcea81400978c7b56c,[22]
49587bd686e260dad613,[7]
496676ed36fd8fd45c2c,[4]
498ae0a661ab0a965afc,"[6, 12, 19]"
49b2900cfa6b8b3b9035,[6]
49c8d25614e1f3dc4d24,[4]
49dc8c01d9abd1538a0d,[17]
49e0668fc92a16ea535a,"[9, 16]"
49e454f0fe97300d1c33,[0]
49f2e1106b74d42d82e4,[7]
49f5756f6e491ff02155,"[0, 19]"
49fe7dda4637d6f63d72,"[2, 9]"
4a22284f37d878b065ca,[2]
4a256b8e78cce883b7cd,"[16, 19]"
4a2a7404e257b4f3cf32,[23]
4a36356645ad2aa12fb3,"[0, 3]"
4a3d2ca0926a5c155735,[20]
4a406eb5928c94ec2090,[17]
4a428305194a636c6a26,[23]
4a4caa110cbbc433cd46,[21]
4a518d51f91ca52d824a,"[13, 17]"
4a51d5142ccef416dd3f,[19]
4a5691d2a6e4a5e61dbe,[21]
4a7ea3feb3503b6417a3,[19]
4a8ce6576d1697e3f7d0,[6]
4aac26b80c7fd4b83f35,[15]
4adbe79c379bb426f864,[19]
4afce465b186c27dd490,[4]
4b10b8f53187adfdd809,[21]
4b56b766ce99fab35dfc,[17]
4b6c52dc57e7559ffe67,[20]
4b8036776cfed6d9f800,[23]
4b851bf3bc156ddbccac,[21]
4b983954cf20340d0daa,"[2, 4, 8, 10]"
4bb9416b55905314ca2d,[22]
4bc0a4903465246082c7,"[13, 17]"
4bd12026da5271148596,[2]
4be71c041e21255d058c,[22]
4bec631fe0b4b67ee816,[23]
4bf8169a44e98f8e096d,[22]
4c12789205c8721c5035,[10]
4c25c528d55e7019597f,[14]
4c588e7372038b0078d3,[23]
4c8bfcdf49c400a0e711,[14]
4ca7d5db54ce69fafb22,"[13, 15, 17]"
4cd29e6280371b054aed,[18]
4cf2844eeb8a87f501b7,[14]
4cfb48b0bdd511f303b3,[6]
4cfbc87d33ea52c2d389,"[9, 11]"
4d0d3141961f5bddad59,"[20, 22]"
4d0d50d7b59b5d94dc46,[21]
4d227b9552126a7ae8de,[16]
4d2956fd9a379cbbc5ee,[19]
4d2c6af80f20dfec3498,[12]
4d36e765d789136acb9d,[23]
4d4f7b0df6c674f21e2b,"[7, 11]"
4d52887b4d1bac707bac,[20]
4d71e8ae270f4c9507a1,"[14, 18]"
4d749999675af992f3d4,[18]
4d91cdc257bdef87149e,[14]
4dbc2eb895c0ae8117c9,[22]
4dca077a1d89cd898dbd,[16]
4dca68d3ce637a7d4e50,[22]
4dd750d723ed362cdf6a,[3]
4df30c4c53c6d2ce3b49,[22]
4e08f8b783f98e8c9d79,"[13, 22]"
4e184e11f18e6f96e780,"[15, 22]"
4e2504b9965bc3e012c3,[2]
4e39333a1b15e14443ca,[22]
4e3c6b4128a92c773d18,[17]
4e3d92019d0b301493b9,"[9, 14]"
4e422ba9a0e973cf1be6,"[14, 18]"
4e475decfa389506e3b1,[13]
4e50778dc422115bd17a,[16]
4e597e06866bc732b95c,[22]
4e63ef9881558c4e42b7,"[17, 18, 19, 20]"
4e74903723cbe4d227f9,"[2, 10]"
4e8300ea1aa665e0cfa8,[12]
4e93031d2e31a1e73960,[15]
4e94d701707237f823f1,[17]
4e9c5455464341a4ffa9,[11]
4e9f3af309ebff55d1d4,"[0, 17, 22]"
4ea33c857d7e392c4db3,"[0, 6]"
4eb9df3774d7fe5eca7a,"[2, 6]"
4ecc67957162a7edb4b8,"[9, 18]"
4ee646c55234f1a88f3c,[14]
4f049c09b570ca8fa3a0,"[5, 6]"
4f275324d44001c6e816,[15]
4f2e58a8a05a19811ee0,"[1, 8, 10, 14]"
4f5f215052b9ebb90f73,"[3, 4]"
4f65a08b4bccc95d125c,[23]
4f763ed19d6c44c97ed1,"[17, 19]"
4f768257ce6f883529f6,"[21, 23]"
4f7ad0c92c941e5c3ce4,[20]
4f7d5dc1c62ca2bed28d,"[13, 18, 19]"
4f93b1dfa466473f9f64,[22]
4f93cb55ede377231dc6,[20]
4fa2568321a07fc0920c,"[11, 14, 15, 20]"
4fbb2e14392b7dc786d2,[20]
4fdc52c344b4b4068a1b,[1]
4fe2e6fef5176afb7c00,[13]
4ff44be3b1d45ef3fbe0,[10]
500580e4922cde9aa03e,"[21, 23]"
5012aac39d8895f71b7a,"[6, 10]"
50279305872edc9aff38,[17]
504c8cf078280b2b1211,[21]
505914cf9369b653b339,"[7, 22]"
507146c3a356638f8783,[4]
5079445cbd680fc2bae8,[11]
5081c449fc4ef2e2adfc,[5]
5086fc2a4b200495b2ad,[23]
50948ab0382f101f5123,[8]
509765d8700e60ae00ed,[21]
50c929537fd1442d3087,[17]
50fe8ca00340a945475d,[10]
5110a5bfcb2d2a4c1fd3,[5]
51122dec3d0cb09b1af4,"[5, 8, 10, 14]"
5117f1ca1dca78069195,[18]
511d8b5904c06ca7c98b,[0]
511e46708e2f01f52833,[6]
511f9c81e89f5fa28d1a,"[1, 14]"
5138b82f653b96826eca,[21]
5139c0e924f3cf178bbd,[11]
514071f5b98a0b3f3506,"[0, 7, 9]"
516ede2515ad833f45dc,[17]
518a81406b28586b8295,[18]
5193c561dac663d4f3ed,[11]
519ab6767035e4db4435,[0]
519dadcb7c596899e117,[21]
51b13971430e1f48b480,"[1, 4]"
51da1c7460b044f254f6,[8]
51e211f9696285ff415e,"[21, 22]"
51fbb93b5f95fa3de547,"[10, 13]"
520e44b62d9ac63c1e52,"[1, 4]"
5210a84b372231fc5e10,"[0, 5, 18]"
52128ba9a1a034e04653,[19]
5219dcb58370ad49acf2,[3]
521fc44e89ea2deb46e1,[21]
525044bef013c7e67ef3,[11]
52634b7bed9e94f10416,[12]
5264ee5633ec42892fa8,"[5, 15, 17, 18, 23]"
526b0684736177148a1c,[19]
526db90db2d240be49d7,[3]
52c4242350603ed8bf5b,[2]
52c50c53526bb6b97b3b,"[4, 8, 12]"
52cc1cb5b1d9eaca05ab,[20]
52e756e6b75c03cf4253,[23]
53072859ceeb08dc345d,[22]
530d6a1e48f115e88efa,[17]
5317a4107c160498ee73,[12]
532e4647c02a1b0d53ee,[20]
5332b249ce9df04bf73c,[23]
533bd0072e6e80e2033a,[23]
5346a1bd44f3789f361f,[18]
53621ec68037821deff1,[15]
536be60670c6fa9bb7a7,[21]
536cfff482fec292969a,[19]
5375798f02b40f75487f,[6]
537d295365fddce4699c,[19]
53a6e8ad87248099a756,[21]
53b40f75938280379c09,[23]
53b5d5ba502c2eba42de,[12]
53b5db4ae89fb3e66561,"[2, 7]"
53de4168770210106a87,[14]
