experiment,model_family,features,validation_split,mean,std,worst_fold,runtime_s,notes
exp0_starter_audit,Starter: HistGB classifier + HistGB count + HistGB heads (single segment),starter features (raw+ctx+ranks+z+derived),"4-fold GroupKFold by day_group (sorted tokens, i%4)",0.3216,0.0297,0.2902,1500,"FULL local score (main variant). Leak fixed: heads fit on train folds only (starter fit them on all data). Starter also crashes at write (csv not imported). F1 0.439 traj 0.306 inst 0.518 order 0.625 | folds=[np.float64(0.3646), np.float64(0.2902), np.float64(0.3335), np.float64(0.2982)]"
exp1_cand_base,LightGBM binary (lr.05 63 leaves 600 it),58 base + 7 nested-LODO token priors; seen-key rows only,"4-fold GroupKFold by day_group (sorted tokens, i%4)",0.4708,0.0377,0.4232,135,"METRIC=candidate F1 (expected-F1 k). AUC .951-.963 | folds=[np.float64(0.5054), np.float64(0.4232), np.float64(0.51), np.float64(0.4445)]"
exp1_full,"exp1 candidates + heads v2 (L1 ins, per-minute cov/level GBDT)",as above,"4-fold GroupKFold by day_group (sorted tokens, i%4)",0.3533,0.0306,0.3179,110,"FULL local score main; thr0.4 coverage, k x1.0. F1 .471 inst .530 traj .364 order .650 | folds=[np.float64(0.3835), np.float64(0.3179), np.float64(0.3839), np.float64(0.3277)]"
exp1b_decoder_scan,decoder scan on exp1 OOF,-,"4-fold GroupKFold by day_group (sorted tokens, i%4)",0.4832,0.0357,0.4408,5,"METRIC=candidate F1; expected-F1 k x1.3 best vs thresholds / sum-p | folds=[np.float64(0.5184), np.float64(0.4408), np.float64(0.5188), np.float64(0.4548)]"
exp2_temporal_causal,LightGBM binary,exp1 + same-day lag1/lag2 unit inputs + expanding stats (inputs only),"4-fold GroupKFold by day_group (sorted tokens, i%4)",0.4696,0.0376,0.4253,190,"METRIC=candidate F1. No gain (-0.001) -> rejected | folds=[np.float64(0.5124), np.float64(0.4253), np.float64(0.5009), np.float64(0.4397)]"
exp2_temporal_full,LightGBM binary,exp1 + lags + lead1 + whole-day unit aggregates (inputs only),"4-fold GroupKFold by day_group (sorted tokens, i%4)",0.4755,0.0371,0.4297,280,"METRIC=candidate F1. +0.005 but uses later-period test inputs -> rejected (future-information / cross-episode concern) | folds=[np.float64(0.5162), np.float64(0.4297), np.float64(0.5077), np.float64(0.4485)]"
exp3_keyz,LightGBM binary,exp1 + per-key input z-scores + accepted-conditional z-scores (nested LODO),"4-fold GroupKFold by day_group (sorted tokens, i%4)",0.4766,0.0374,0.4249,217,"METRIC=candidate F1. +0.006, all 4 folds improve -> kept | folds=[np.float64(0.5121), np.float64(0.4249), np.float64(0.5123), np.float64(0.4572)]"
diag_oracle_daystate,"LightGBM binary (DIAGNOSTIC, label leak by design)",keyz + true same-day acceptance fraction,"4-fold GroupKFold by day_group (sorted tokens, i%4)",0.5371,0.0341,0.4979,173,"Upper bound for perfect day-state knowledge: only +0.06 F1. Not usable. | folds=[np.float64(0.5749), np.float64(0.4979), np.float64(0.5668), np.float64(0.5087)]"
exp4_scan_lr03_l31,LightGBM binary lr.03 31 leaves mdl100 1000 it,keyz,"4-fold GroupKFold by day_group (sorted tokens, i%4)",0.491,0.0316,0.4533,300,"METRIC=candidate F1 (k x1.3). Best GBDT config; base 63 leaves overfits after 300 it | folds=[np.float64(0.5291), np.float64(0.4533), np.float64(0.5146), np.float64(0.4672)]"
exp4_scan_l127,LightGBM binary 127 leaves ff.5,keyz,"4-fold GroupKFold by day_group (sorted tokens, i%4)",0.4922,0.0343,0.4555,550,"METRIC=candidate F1 @300 it; degrades with more its | folds=[np.float64(0.5334), np.float64(0.4555), np.float64(0.5187), np.float64(0.4611)]"
exp4_scan_lambdarank,LightGBM lambdarank (episode queries),keyz,"4-fold GroupKFold by day_group (sorted tokens, i%4)",0.491,0.0285,0.4623,870,"METRIC=candidate F1 @1500; oracle-k F1 .5106; uncalibrated scores | folds=[np.float64(0.5361), np.float64(0.4623), np.float64(0.4945), np.float64(0.4713)]"
exp4_scan_xendcg,LightGBM rank_xendcg,keyz,"4-fold GroupKFold by day_group (sorted tokens, i%4)",0.1328,0.0104,0.1223,540,"METRIC=candidate F1; scores uncalibrated so k decoding fails (oracle-k F1 .508) | folds=[np.float64(0.1463), np.float64(0.1223), np.float64(0.1394), np.float64(0.1231)]"
exp5_count_models,episode count regressors (Poisson GBM / linear),OOF prob summaries + ctx,"4-fold GroupKFold by day_group (sorted tokens, i%4)",0.4667,0.0342,0.4272,10,"METRIC=candidate F1; worse than expected-F1 k x1.3 (.4876) -> rejected | folds=[np.float64(0.4945), np.float64(0.4272), np.float64(0.5063), np.float64(0.4388)]"
exp6_nn1,"Set-attention NN from scratch, key embeddings, 25 ep, 1 seed",keyz feats standardized,"4-fold GroupKFold by day_group (sorted tokens, i%4)",0.4784,0.0427,0.4348,1900,"METRIC=candidate F1; overfits on fold 1/3 after ~5 epochs | folds=[np.float64(0.5433), np.float64(0.4348), np.float64(0.4896), np.float64(0.4458)]"
exp6_blend_gbdt_nn1,0.7 GBDT + 0.3 NN1 logit blend,-,"4-fold GroupKFold by day_group (sorted tokens, i%4)",0.5005,0.038,0.4536,5,"METRIC=candidate F1 (k x1.3) | folds=[np.float64(0.5527), np.float64(0.4536), np.float64(0.5186), np.float64(0.4773)]"
exp6_blend_plus_lambdarank,GBDT+NN1+LambdaRank z-blend,-,"4-fold GroupKFold by day_group (sorted tokens, i%4)",0.5017,0.037,0.457,5,"METRIC=candidate F1; +0.001 only, not worth 15 min -> rejected | folds=[np.float64(0.5526), np.float64(0.457), np.float64(0.5193), np.float64(0.4779)]"
exp7_nn2,"Set-attention NN, 12 ep, dropout .25, wd 1e-3, 3 seeds",keyz,"4-fold GroupKFold by day_group (sorted tokens, i%4)",0.4923,0.0346,0.462,2600,"METRIC=candidate F1; beats GBDT alone | folds=[np.float64(0.5478), np.float64(0.4643), np.float64(0.4952), np.float64(0.462)]"
exp7_blend_gbdt_nn2,0.4 GBDT + 0.6 NN2 logit blend,-,"4-fold GroupKFold by day_group (sorted tokens, i%4)",0.504,0.0346,0.4685,5,"METRIC=candidate F1 (k x1.2) | folds=[np.float64(0.556), np.float64(0.4685), np.float64(0.5143), np.float64(0.4774)]"
exp8_heads_v3,Heads GBDT lr.03 31 leaves + minute-minus-token-ins feature,base+priors+ins hist,"4-fold GroupKFold by day_group (sorted tokens, i%4)",11.9075,0.5634,11.03,1000,"METRIC=instruction MAE minutes (lower better; v2: 11.04/12.25/12.13/12.72) | folds=[np.float64(11.03), np.float64(11.96), np.float64(12.04), np.float64(12.6)]"
exp8_full_blend_nn1_h3,"0.7GBDT+0.3NN1, heads v3, interval coverage, snap delta=1",-,"4-fold GroupKFold by day_group (sorted tokens, i%4)",0.3796,,0.347,0,FULL local main; only mean and worst fold were recorded for this configuration. Constraint t0>=ins neutral; snap +0.0012; h3 > h2 by +0.0011
exp9_full_blend_nn2_h3,"0.4GBDT+0.6NN2, heads v3, interval coverage, snap 1.0, k x1.2",-,"4-fold GroupKFold by day_group (sorted tokens, i%4)",0.3829,0.0293,0.356,0,"FULL local main. rec_cov .418 lenient .407 strict .360 loose .391 | folds=[np.float64(0.4277), np.float64(0.3575), np.float64(0.3904), np.float64(0.356)]"
exp10_nn5seeds,NN2 + 2 extra seeds (5 total) blended 0.4/0.6,keyz,"4-fold GroupKFold by day_group (sorted tokens, i%4)",0.5044,,0.4696,1800,METRIC=candidate F1; +0.0004 vs 3 seeds -> kept 3 seeds
exp11_multitask_nn_heads,multi-task set NN heads blended with GBDT heads,keyz,"4-fold GroupKFold by day_group (sorted tokens, i%4)",0.3835,,0.357,2450,FULL local main; +0.0006 vs GBDT heads only -> rejected
FINAL_solution_py_cv,"solution.py --cv: LightGBM + 3-seed SetNet blend, LightGBM heads, interval coverage, anchor snap",full,"4-fold GroupKFold by day_group (sorted tokens, i%4)",0.3818,0.0306,0.3514,3918,"FULL local main, exact final code | folds=[0.4271, 0.356, 0.3926, 0.3514] | lenient .406 rec_cov .417 strict .359 | F1 .503"
